path,lat,lon
data_processed\20251222_094711.jpg,31.261965,34.801144
data_processed\20251222_094715.jpg,31.261965,34.801144
data_processed\20251222_094716.jpg,31.261965,34.801144
data_processed\20251222_094718.jpg,31.261965,34.801144
data_processed\20251222_094719.jpg,31.261965,34.801144
data_processed\20251222_094720.jpg,31.261965,34.801144
data_processed\20251222_094722.jpg,31.261955,34.801167
data_processed\20251222_094728.jpg,31.261955,34.801197
data_processed\20251222_094729.jpg,31.261955,34.801197
data_processed\20251222_094733.jpg,31.261955,34.801197
data_processed\20251222_094735.jpg,31.261955,34.801197
data_processed\20251222_094736.jpg,31.261955,34.801197
data_processed\20251222_094748.jpg,31.261955,34.801197
data_processed\20251222_094750.jpg,31.261955,34.801197
data_processed\20251222_094752.jpg,31.261955,34.801197
data_processed\20251222_094754.jpg,31.261955,34.801197
data_processed\20251222_094755.jpg,31.261955,34.801197
data_processed\20251222_094756.jpg,31.261955,34.801197
data_processed\20251222_094805.jpg,31.261944,34.801434
data_processed\20251222_094806.jpg,31.261944,34.801434
data_processed\20251222_094808.jpg,31.261944,34.801434
data_processed\20251222_094809.jpg,31.261944,34.801434
data_processed\20251222_094810.jpg,31.261944,34.801434
data_processed\20251222_094811.jpg,31.261944,34.801434
data_processed\20251222_094821.jpg,31.261944,34.801434
data_processed\20251222_094823.jpg,31.261944,34.801434
data_processed\20251222_094826.jpg,31.261944,34.801434
data_processed\20251222_094832.jpg,31.261944,34.801434
data_processed\20251222_094833.jpg,31.261944,34.801434
data_processed\20251222_094834.jpg,31.261944,34.801434
data_processed\20251222_094843.jpg,31.261944,34.801434
data_processed\20251222_094845.jpg,31.261944,34.801434
data_processed\20251222_094847.jpg,31.261944,34.801434
data_processed\20251222_094849.jpg,31.261944,34.801434
data_processed\20251222_094851.jpg,31.261944,34.801434
data_processed\20251222_094853.jpg,31.261944,34.801434
data_processed\20251222_094855.jpg,31.261944,34.801434
data_processed\20251222_094903.jpg,31.261957,34.80165
data_processed\20251222_094904.jpg,31.261953,34.80164
data_processed\20251222_094905.jpg,31.261953,34.80164
data_processed\20251222_094907.jpg,31.261953,34.80164
data_processed\20251222_094908.jpg,31.261953,34.80164
data_processed\20251222_094909.jpg,31.261953,34.80164
data_processed\20251222_094911.jpg,31.261953,34.80164
data_processed\20251222_094920.jpg,31.261953,34.80164
data_processed\20251222_094921.jpg,31.261953,34.80164
data_processed\20251222_094922.jpg,31.261953,34.80164
data_processed\20251222_094923.jpg,31.261953,34.80164
data_processed\20251222_094924.jpg,31.261953,34.80164
data_processed\20251222_094925.jpg,31.261953,34.80164
data_processed\20251222_094926.jpg,31.261953,34.80164
data_processed\20251222_094927.jpg,31.261953,34.80164
data_processed\20251222_094936.jpg,31.261953,34.80164
data_processed\20251222_094940.jpg,31.261953,34.80164
data_processed\20251222_095001.jpg,31.261953,34.80164
data_processed\20251222_095002.jpg,31.26194,34.80169
data_processed\20251222_095004.jpg,31.26196,34.801765
data_processed\20251222_095006.jpg,31.26196,34.801765
data_processed\20251222_095007.jpg,31.26196,34.801765
data_processed\20251222_095009.jpg,31.261957,34.801765
data_processed\20251222_095017.jpg,31.261957,34.801765
data_processed\20251222_095018.jpg,31.261957,34.801765
data_processed\20251222_095019.jpg,31.261957,34.801765
data_processed\20251222_095020.jpg,31.26196,34.801765
data_processed\20251222_095022.jpg,31.26196,34.801765
data_processed\20251222_095023.jpg,31.261957,34.801765
data_processed\20251222_095024.jpg,31.261957,34.801765
data_processed\20251222_095033.jpg,31.261957,34.801765
data_processed\20251222_095035.jpg,31.26196,34.801765
data_processed\20251222_095036.jpg,31.261957,34.801765
data_processed\20251222_095037.jpg,31.26196,34.801765
data_processed\20251222_095038.jpg,31.261957,34.801765
data_processed\20251222_095039.jpg,31.261957,34.801765
data_processed\20251222_095057.jpg,31.261957,34.801765
data_processed\20251222_095059.jpg,31.261946,34.802116
data_processed\20251222_095101.jpg,31.261961,34.802113
data_processed\20251222_095105.jpg,31.261961,34.802113
data_processed\20251222_095107.jpg,31.261961,34.802113
data_processed\20251222_095108.jpg,31.261961,34.802113
data_processed\20251222_095112.jpg,31.261961,34.802113
data_processed\20251222_095114.jpg,31.261961,34.802113
data_processed\20251222_095115.jpg,31.261961,34.802113
data_processed\20251222_095126.jpg,31.261961,34.802113
data_processed\20251222_095127.jpg,31.261961,34.802113
data_processed\20251222_095129.jpg,31.261961,34.802113
data_processed\20251222_095130.jpg,31.261961,34.802113
data_processed\20251222_095132.jpg,31.261961,34.802113
data_processed\20251222_095133.jpg,31.261961,34.802113
data_processed\20251222_095142.jpg,31.261961,34.802113
data_processed\20251222_095144.jpg,31.261961,34.802113
data_processed\20251222_095145.jpg,31.261961,34.802113
data_processed\20251222_095146.jpg,31.261961,34.802113
data_processed\20251222_095148.jpg,31.261961,34.802113
data_processed\20251222_095202.jpg,31.261961,34.802113
data_processed\20251222_095203.jpg,31.261961,34.802113
data_processed\20251222_095204.jpg,31.261961,34.802113
data_processed\20251222_095206.jpg,31.261961,34.802113
data_processed\20251222_095207.jpg,31.261961,34.802113
data_processed\20251222_095208.jpg,31.261961,34.802113
data_processed\20251222_095209.jpg,31.261961,34.802113
data_processed\20251222_095225.jpg,31.261961,34.802113
data_processed\20251222_095226.jpg,31.261961,34.802113
data_processed\20251222_095228.jpg,31.261961,34.802113
data_processed\20251222_095230.jpg,31.261961,34.802113
data_processed\20251222_095242.jpg,31.261961,34.802113
data_processed\20251222_095244.jpg,31.261961,34.802113
data_processed\20251222_095247.jpg,31.261961,34.802113
data_processed\20251222_095304.jpg,31.262072,34.802616
data_processed\20251222_095335.jpg,31.262072,34.802616
data_processed\20251222_095336.jpg,31.262072,34.802616
data_processed\20251222_095337.jpg,31.262072,34.802616
data_processed\20251222_095338.jpg,31.262072,34.802616
data_processed\20251222_095341.jpg,31.262072,34.802616
data_processed\20251222_095342.jpg,31.262072,34.802616
data_processed\20251222_095351.jpg,31.262121,34.80267
data_processed\20251222_095352.jpg,31.262121,34.80267
data_processed\20251222_095353.jpg,31.262121,34.80267
data_processed\20251222_095354.jpg,31.262121,34.80267
data_processed\20251222_095356.jpg,31.262121,34.80267
data_processed\20251222_095357.jpg,31.262121,34.80267
data_processed\20251222_095407.jpg,31.262121,34.80267
data_processed\20251222_095408.jpg,31.262121,34.80267
data_processed\20251222_095410.jpg,31.262121,34.80267
data_processed\20251222_095415.jpg,31.262121,34.80267
data_processed\20251222_095417.jpg,31.262121,34.80267
data_processed\20251222_095419.jpg,31.262121,34.80267
data_processed\20251222_095428.jpg,31.262121,34.80267
data_processed\20251222_095430.jpg,31.262121,34.80267
data_processed\20251222_095431.jpg,31.262121,34.80267
data_processed\20251222_095432.jpg,31.262121,34.80267
data_processed\20251222_095434.jpg,31.262121,34.80267
data_processed\20251222_095435.jpg,31.262121,34.80267
data_processed\20251222_095436.jpg,31.262121,34.80267
data_processed\20251222_095448.jpg,31.262129,34.802986
data_processed\20251222_095450.jpg,31.262129,34.802986
data_processed\20251222_095501.jpg,31.262129,34.802986
data_processed\20251222_095503.jpg,31.262129,34.802986
data_processed\20251222_095504.jpg,31.262129,34.802986
data_processed\20251222_095505.jpg,31.262129,34.802986
data_processed\20251222_095520.jpg,31.262129,34.802986
data_processed\20251222_095521.jpg,31.262129,34.802986
data_processed\20251222_095522.jpg,31.262129,34.802986
data_processed\20251222_095524.jpg,31.262129,34.802986
data_processed\20251222_095525.jpg,31.262129,34.802986
data_processed\20251222_095529.jpg,31.262146,34.803085
data_processed\20251222_095531.jpg,31.262167,34.803116
data_processed\20251222_095545.jpg,31.262167,34.803112
data_processed\20251222_095546.jpg,31.262167,34.803112
data_processed\20251222_095547.jpg,31.262167,34.803112
data_processed\20251222_095548.jpg,31.262167,34.803116
data_processed\20251222_095549.jpg,31.262167,34.803116
data_processed\20251222_095550.jpg,31.262167,34.803116
data_processed\20251222_095551.jpg,31.262167,34.803116
data_processed\20251222_095600.jpg,31.262167,34.803112
data_processed\20251222_095601.jpg,31.262167,34.803112
data_processed\20251222_095602.jpg,31.262167,34.803112
data_processed\20251222_095606.jpg,31.262167,34.803112
data_processed\20251222_095607.jpg,31.262167,34.803112
data_processed\20251222_095608.jpg,31.262167,34.803112
data_processed\20251222_095609.jpg,31.262167,34.803116
data_processed\20251222_095620.jpg,31.262167,34.803112
data_processed\20251222_095621.jpg,31.262167,34.803112
data_processed\20251222_095625.jpg,31.262167,34.803112
data_processed\20251222_095647.jpg,31.262152,34.803604
data_processed\20251222_095649.jpg,31.262152,34.803604
data_processed\20251222_095650.jpg,31.262152,34.803604
data_processed\20251222_095651.jpg,31.262152,34.803604
data_processed\20251222_095655.jpg,31.262152,34.803604
data_processed\20251222_095656.jpg,31.262152,34.803604
data_processed\20251222_095708.jpg,31.262152,34.803604
data_processed\20251222_095710.jpg,31.26222,34.803867
data_processed\20251222_095711.jpg,31.262213,34.803886
data_processed\20251222_095713.jpg,31.262207,34.803875
data_processed\20251222_095714.jpg,31.262207,34.803875
data_processed\20251222_095716.jpg,31.262207,34.803875
data_processed\20251222_095717.jpg,31.262207,34.803875
data_processed\20251222_095730(0).jpg,31.262207,34.803875
data_processed\20251222_095730.jpg,31.262207,34.803875
data_processed\20251222_095732.jpg,31.262207,34.803875
data_processed\20251222_095746.jpg,31.262207,34.803875
data_processed\20251222_095747.jpg,31.262207,34.803875
data_processed\20251222_095749.jpg,31.262207,34.803875
data_processed\20251222_095750.jpg,31.262207,34.803875
data_processed\20251222_095751.jpg,31.262207,34.803875
data_processed\20251222_095755.jpg,31.262207,34.803875
data_processed\20251222_120353.jpg,31.262018,34.804344
data_processed\20251222_120354.jpg,31.262026,34.804344
data_processed\20251222_120355.jpg,31.262026,34.804344
data_processed\20251222_120356.jpg,31.262026,34.804344
data_processed\20251222_120409.jpg,31.262026,34.804344
data_processed\20251222_120410.jpg,31.262026,34.804344
data_processed\20251222_120411.jpg,31.262026,34.804344
data_processed\20251222_120412.jpg,31.262026,34.804344
data_processed\20251222_120413.jpg,31.262026,34.804344
data_processed\20251222_120414.jpg,31.262026,34.804344
data_processed\20251222_120415.jpg,31.262026,34.804348
data_processed\20251222_120416.jpg,31.262026,34.804348
data_processed\20251222_120425.jpg,31.262026,34.804344
data_processed\20251222_120426.jpg,31.262026,34.804344
data_processed\20251222_120427.jpg,31.262026,34.804344
data_processed\20251222_120428.jpg,31.262026,34.804344
data_processed\20251222_120439.jpg,31.262026,34.804344
data_processed\20251222_120441.jpg,31.262026,34.804344
data_processed\20251222_120443.jpg,31.262026,34.804344
data_processed\20251222_120444.jpg,31.262026,34.804344
data_processed\20251222_120445.jpg,31.262026,34.804348
data_processed\20251222_120446.jpg,31.262026,34.804348
data_processed\20251222_120502.jpg,31.262222,34.804398
data_processed\20251222_120503.jpg,31.262222,34.804398
data_processed\20251222_120504.jpg,31.262222,34.804398
data_processed\20251222_120505.jpg,31.262222,34.804398
data_processed\20251222_120506.jpg,31.262222,34.804398
data_processed\20251222_120507.jpg,31.262222,34.804398
data_processed\20251222_120508.jpg,31.262222,34.804398
data_processed\20251222_120522.jpg,31.262222,34.804398
data_processed\20251222_120523.jpg,31.262222,34.804398
data_processed\20251222_120524.jpg,31.262222,34.804398
data_processed\20251222_120526.jpg,31.262222,34.804398
data_processed\20251222_120527.jpg,31.262222,34.804398
data_processed\20251222_120529.jpg,31.262222,34.804398
data_processed\20251222_120530.jpg,31.262222,34.804398
data_processed\20251222_180448.jpg,31.2623,34.804317
data_processed\20251222_180450.jpg,31.262299,34.804317
data_processed\20251222_180451.jpg,31.262299,34.804317
data_processed\20251222_180453.jpg,31.262299,34.804317
data_processed\20251222_180456.jpg,31.262299,34.804317
data_processed\20251222_180500.jpg,31.262299,34.804317
data_processed\20251222_180502.jpg,31.262299,34.804317
data_processed\20251222_180519.jpg,31.262299,34.804317
data_processed\20251222_180522.jpg,31.262299,34.804317
data_processed\20251222_180527.jpg,31.262299,34.804317
data_processed\20251222_180532.jpg,31.262299,34.804317
data_processed\20251222_180534.jpg,31.262299,34.804317
data_processed\20251222_180536.jpg,31.262299,34.804317
data_processed\20251222_180545.jpg,31.262299,34.804317
data_processed\20251222_180549.jpg,31.261833,34.8042
data_processed\20251222_180551.jpg,31.261934,34.804234
data_processed\20251222_180558.jpg,31.261934,34.804234
data_processed\20251222_180609.jpg,31.261934,34.804234
data_processed\20251222_180610.jpg,31.261934,34.804234
data_processed\20251222_180612.jpg,31.261934,34.804234
data_processed\20251222_180614.jpg,31.261934,34.804234
data_processed\20251222_180615.jpg,31.261934,34.804234
data_processed\20251222_180617.jpg,31.261934,34.804234
data_processed\20251222_180633.jpg,31.261934,34.804234
data_processed\20251222_180634.jpg,31.261934,34.804234
data_processed\20251222_180636.jpg,31.261934,34.804234
data_processed\20251222_180638.jpg,31.261934,34.804234
data_processed\20251222_180640.jpg,31.261934,34.804234
data_processed\20251222_180642.jpg,31.261934,34.804234
data_processed\20251222_180644.jpg,31.261934,34.804234
data_processed\20251222_180656.jpg,31.26221,34.803986
data_processed\20251222_180702.jpg,31.262213,34.803986
data_processed\20251222_180705.jpg,31.26221,34.803986
data_processed\20251222_180707.jpg,31.262213,34.803986
data_processed\20251222_180709.jpg,31.262213,34.803986
data_processed\20251222_180713.jpg,31.262213,34.803986
data_processed\20251222_180801.jpg,31.262228,34.80382
data_processed\20251222_180804.jpg,31.26227,34.80387
data_processed\20251222_180812.jpg,31.26227,34.80387
data_processed\20251222_180824.jpg,31.26227,34.80387
data_processed\20251222_180825.jpg,31.26227,34.80387
data_processed\20251222_180829.jpg,31.26227,34.80387
data_processed\20251222_180842.jpg,31.26227,34.80387
data_processed\20251222_180847.jpg,31.26227,34.80387
data_processed\20251222_180848.jpg,31.26227,34.80387
data_processed\20251222_180851.jpg,31.26227,34.80387
data_processed\20251222_180933.jpg,31.262194,34.803482
data_processed\20251222_180935.jpg,31.262194,34.803482
data_processed\20251222_180936.jpg,31.262194,34.803482
data_processed\20251222_180938.jpg,31.262194,34.803482
data_processed\20251222_180939.jpg,31.262194,34.803482
data_processed\20251222_180940.jpg,31.262194,34.803482
data_processed\20251222_180942.jpg,31.262194,34.803482
data_processed\20251222_180956.jpg,31.262194,34.803482
data_processed\20251222_180957.jpg,31.262194,34.803482
data_processed\20251222_180959.jpg,31.262196,34.803482
data_processed\20251222_181001.jpg,31.262152,34.80338
data_processed\20251222_181003.jpg,31.26218,34.803436
data_processed\20251222_181004.jpg,31.26218,34.803436
data_processed\20251222_181013.jpg,31.26218,34.803436
data_processed\20251222_181014.jpg,31.26218,34.803436
data_processed\20251222_181015.jpg,31.26218,34.803436
data_processed\20251222_181016.jpg,31.26218,34.803436
data_processed\20251222_181018.jpg,31.26218,34.803436
data_processed\20251222_181019.jpg,31.26218,34.803436
data_processed\20251222_181021.jpg,31.26218,34.803436
data_processed\20251222_181022.jpg,31.26218,34.803436
data_processed\20251222_181035.jpg,31.26216,34.803284
data_processed\20251222_181036.jpg,31.262175,34.803284
data_processed\20251222_181037.jpg,31.262175,34.803284
data_processed\20251222_181039.jpg,31.262175,34.803284
data_processed\20251222_181040.jpg,31.262175,34.803284
data_processed\20251222_181042.jpg,31.262175,34.803284
data_processed\20251222_181118.jpg,31.262175,34.803284
data_processed\20251222_181119.jpg,31.262173,34.803284
data_processed\20251222_181122.jpg,31.262175,34.803284
data_processed\20251222_181124.jpg,31.262175,34.803284
data_processed\20251222_181126.jpg,31.262175,34.803284
data_processed\20251222_181140.jpg,31.262175,34.803284
data_processed\20251222_181144.jpg,31.262175,34.803284
data_processed\20251222_181145.jpg,31.262175,34.803284
data_processed\20251222_181148.jpg,31.262175,34.803284
data_processed\20251222_181201.jpg,31.262175,34.803284
data_processed\20251222_181203.jpg,31.262173,34.803284
data_processed\20251222_181207.jpg,31.262175,34.803284
data_processed\20251222_181209.jpg,31.262173,34.803284
data_processed\20251222_181211.jpg,31.262173,34.803284
data_processed\20251222_181258.jpg,31.262138,34.802715
data_processed\20251222_181301.jpg,31.262154,34.802723
data_processed\20251222_181303.jpg,31.262154,34.802723
data_processed\20251222_181304.jpg,31.262154,34.802723
data_processed\20251222_181307.jpg,31.262154,34.802723
data_processed\20251222_181308.jpg,31.262154,34.802723
data_processed\20251222_181320.jpg,31.262154,34.802723
data_processed\20251222_181322.jpg,31.262154,34.802723
data_processed\20251222_181325.jpg,31.262154,34.802723
data_processed\20251222_181327.jpg,31.262154,34.802723
data_processed\20251222_181328.jpg,31.262154,34.802723
data_processed\20251222_181331.jpg,31.262154,34.802723
data_processed\20251222_181332.jpg,31.262154,34.802723
data_processed\20251222_181346(0).jpg,31.262154,34.802723
data_processed\20251222_181346.jpg,31.262154,34.802723
data_processed\20251222_181348.jpg,31.262154,34.802723
data_processed\20251222_181349.jpg,31.262154,34.802723
data_processed\20251222_181351.jpg,31.262154,34.802723
data_processed\20251222_181353.jpg,31.262154,34.802723
data_processed\20251222_181355.jpg,31.262154,34.802723
data_processed\20251222_181357.jpg,31.262154,34.802723
data_processed\20251222_181407.jpg,31.262142,34.802708
data_processed\20251222_181409.jpg,31.262142,34.802708
data_processed\20251222_181410.jpg,31.262142,34.802708
data_processed\20251222_181412.jpg,31.262142,34.802708
data_processed\20251222_181413.jpg,31.262142,34.802708
data_processed\20251222_181415.jpg,31.262142,34.802708
data_processed\20251222_181416.jpg,31.262142,34.802708
data_processed\20251222_181428.jpg,31.262142,34.802708
data_processed\20251222_181429.jpg,31.262142,34.802708
data_processed\20251222_181431.jpg,31.262142,34.802708
data_processed\20251222_181433.jpg,31.262142,34.802708
data_processed\20251222_181434.jpg,31.262142,34.802708
data_processed\20251222_181436.jpg,31.262142,34.802708
data_processed\20251222_181512.jpg,31.262142,34.802708
data_processed\20251222_181514.jpg,31.262142,34.802708
data_processed\20251222_181516.jpg,31.262142,34.802708
data_processed\20251222_181520.jpg,31.262142,34.802708
data_processed\20251222_181522.jpg,31.262142,34.802708
data_processed\20251222_181526.jpg,31.262142,34.802708
data_processed\20251222_181533.jpg,31.26203,34.80203
data_processed\20251222_181604.jpg,31.262005,34.802048
data_processed\20251222_181606.jpg,31.262005,34.802048
data_processed\20251222_181608.jpg,31.262005,34.802048
data_processed\20251222_181609.jpg,31.262005,34.802048
data_processed\20251222_181611.jpg,31.262005,34.802048
data_processed\20251222_181628.jpg,31.262005,34.802048
data_processed\20251222_181630.jpg,31.262005,34.802048
data_processed\20251222_181632.jpg,31.262005,34.802048
data_processed\20251222_181633.jpg,31.262005,34.802048
data_processed\20251222_181635.jpg,31.262005,34.802048
data_processed\20251222_181636.jpg,31.262005,34.802048
data_processed\20251222_181637.jpg,31.262005,34.802048
data_processed\20251222_181641.jpg,31.262005,34.802048
data_processed\20251222_181700.jpg,31.262005,34.802048
data_processed\20251222_181701.jpg,31.261986,34.802002
data_processed\20251222_181703.jpg,31.261974,34.801952
data_processed\20251222_181705.jpg,31.261974,34.801952
data_processed\20251222_181706.jpg,31.261974,34.801952
data_processed\20251222_181708.jpg,31.261974,34.801952
data_processed\20251222_181709.jpg,31.261974,34.801952
data_processed\20251222_181713.jpg,31.261974,34.801952
data_processed\20251222_181714.jpg,31.261974,34.801952
data_processed\20251222_181725.jpg,31.261974,34.801952
data_processed\20251222_181727.jpg,31.261974,34.801952
data_processed\20251222_181729.jpg,31.261974,34.801952
data_processed\20251222_181731.jpg,31.261974,34.801952
data_processed\20251222_181732.jpg,31.261974,34.801952
data_processed\20251222_181738.jpg,31.261974,34.801952
data_processed\20251222_181742.jpg,31.261974,34.801952
data_processed\20251222_181744.jpg,31.261974,34.801952
data_processed\20251222_181756.jpg,31.261974,34.801952
data_processed\20251222_181757.jpg,31.261974,34.801952
data_processed\20251222_181759.jpg,31.261974,34.801952
data_processed\20251222_181800.jpg,31.261974,34.801952
data_processed\20251222_181802.jpg,31.261944,34.80161
data_processed\20251222_181804.jpg,31.261942,34.801613
data_processed\20251222_181805.jpg,31.261942,34.801613
data_processed\20251222_181817.jpg,31.261942,34.801613
data_processed\20251222_181819.jpg,31.261942,34.801613
data_processed\20251222_181820.jpg,31.26194,34.801613
data_processed\20251222_181823.jpg,31.261942,34.801613
data_processed\20251222_181825.jpg,31.261942,34.801613
data_processed\20251222_181827.jpg,31.261942,34.801613
data_processed\20251222_181828.jpg,31.261942,34.801613
data_processed\20251222_181830.jpg,31.261942,34.801613
data_processed\20251222_181832.jpg,31.261942,34.801613
data_processed\20251222_181847.jpg,31.261942,34.801613
data_processed\20251222_181848.jpg,31.261942,34.801613
data_processed\20251222_181850.jpg,31.261942,34.801613
data_processed\20251222_181851.jpg,31.261942,34.801613
data_processed\20251222_181853.jpg,31.261942,34.801613
data_processed\20251222_181854.jpg,31.261942,34.801613
data_processed\20251222_181858.jpg,31.261942,34.801613
data_processed\20251222_181859.jpg,31.261942,34.801613
data_processed\20251222_181917.jpg,31.261934,34.801216
data_processed\20251222_181918.jpg,31.261938,34.801216
data_processed\20251222_181920.jpg,31.261938,34.801224
data_processed\20251222_181926.jpg,31.261938,34.801224
data_processed\20251222_181927.jpg,31.261938,34.801224
data_processed\20251222_181932(0).jpg,31.261938,34.801224
data_processed\20251222_181932.jpg,31.261938,34.801224
data_processed\20251222_181935.jpg,31.261938,34.801224
data_processed\20251222_181950.jpg,31.261938,34.801224
data_processed\20251222_181952.jpg,31.261938,34.801224
data_processed\20251222_181954.jpg,31.261938,34.801224
data_processed\20251222_181956.jpg,31.261938,34.801224
data_processed\20251222_181958.jpg,31.261938,34.801224
data_processed\20251222_181959.jpg,31.261938,34.801224
data_processed\20251222_182013.jpg,31.261938,34.801224
data_processed\20251222_182015.jpg,31.261938,34.801224
data_processed\20251222_182018.jpg,31.26184,34.801357
data_processed\20251222_182020.jpg,31.261845,34.801365
data_processed\20251222_182021.jpg,31.261845,34.801365
data_processed\20251222_182023.jpg,31.261845,34.801365
data_processed\20251222_182038.jpg,31.261845,34.801365
data_processed\20251222_182040.jpg,31.261845,34.801365
data_processed\20251222_182041.jpg,31.261845,34.801365
data_processed\20251222_182043.jpg,31.261845,34.801365
data_processed\20251222_182044.jpg,31.261845,34.801365
data_processed\20251222_182046.jpg,31.261845,34.801365
data_processed\20251222_182047.jpg,31.261845,34.801365
data_processed\20251222_182059.jpg,31.261845,34.801365
data_processed\20251222_182102.jpg,31.261845,34.801365
data_processed\20251222_182106.jpg,31.261845,34.801365
data_processed\20251222_182108.jpg,31.261845,34.801365
data_processed\20251222_182109.jpg,31.261845,34.801365
data_processed\20251222_182113.jpg,31.261845,34.801365
data_processed\20251222_182115.jpg,31.261845,34.801365
data_processed\20251222_182223.jpg,31.261787,34.802013
data_processed\20251222_182226.jpg,31.261787,34.802013
data_processed\20251222_182245.jpg,31.261787,34.802013
data_processed\20251222_182246.jpg,31.261787,34.802013
data_processed\20251222_182257.jpg,31.261787,34.802013
data_processed\20251222_182259.jpg,31.261787,34.802013
data_processed\20251222_182301.jpg,31.261787,34.802013
data_processed\20251222_182304.jpg,31.261787,34.802013
data_processed\20251222_182321.jpg,31.2618,34.802208
data_processed\20251222_182322.jpg,31.2618,34.802208
data_processed\20251222_182323.jpg,31.2618,34.802208
data_processed\20251222_182325.jpg,31.2618,34.802208
data_processed\20251222_182326.jpg,31.2618,34.802208
data_processed\20251222_182328.jpg,31.2618,34.802208
data_processed\20251222_182329.jpg,31.2618,34.802208
data_processed\20251222_182331.jpg,31.2618,34.802208
data_processed\20251222_182343.jpg,31.2618,34.802208
data_processed\20251222_182345.jpg,31.2618,34.802208
data_processed\20251222_182347.jpg,31.2618,34.802208
data_processed\20251222_182348.jpg,31.2618,34.802208
data_processed\20251222_182350.jpg,31.2618,34.802208
data_processed\20251222_182354.jpg,31.2618,34.802208
data_processed\20251222_182355.jpg,31.2618,34.802208
data_processed\20251222_182357.jpg,31.2618,34.802208
data_processed\20251222_182420.jpg,31.261736,34.80259
data_processed\20251222_182421.jpg,31.261736,34.80259
data_processed\20251222_182425.jpg,31.261736,34.80259
data_processed\20251222_182427.jpg,31.261736,34.80259
data_processed\20251222_182428.jpg,31.261736,34.80259
data_processed\20251222_182443.jpg,31.261736,34.80259
data_processed\20251222_182450.jpg,31.261736,34.80259
data_processed\20251222_182507.jpg,31.261736,34.80259
data_processed\20251222_182509.jpg,31.261736,34.80259
data_processed\20251222_182510.jpg,31.261736,34.80259
data_processed\20251222_182512.jpg,31.261736,34.80259
data_processed\20251222_182514.jpg,31.26175,34.802612
data_processed\20251222_182525.jpg,31.26178,34.80263
data_processed\20251222_182528.jpg,31.26178,34.80263
data_processed\20251222_182530.jpg,31.26178,34.80263
data_processed\20251222_182531.jpg,31.26178,34.80263
data_processed\20251222_182544.jpg,31.26178,34.80263
data_processed\20251222_182546.jpg,31.26178,34.80263
data_processed\20251222_182547.jpg,31.26178,34.80263
data_processed\20251222_182549.jpg,31.26178,34.80263
data_processed\20251222_182551.jpg,31.26178,34.80263
data_processed\20251222_182553.jpg,31.26178,34.80263
data_processed\20251222_182605.jpg,31.26178,34.80263
data_processed\20251222_182607.jpg,31.26178,34.80263
data_processed\20251222_182619.jpg,31.261803,34.802925
data_processed\20251222_182624.jpg,31.261803,34.802925
data_processed\20251222_182626.jpg,31.261803,34.802925
data_processed\20251222_182627.jpg,31.261803,34.802925
data_processed\20251222_182630.jpg,31.261803,34.802925
data_processed\20251222_182631.jpg,31.261803,34.802925
data_processed\20251222_182633.jpg,31.261803,34.802925
data_processed\20251222_182645.jpg,31.261803,34.802925
data_processed\20251222_182647.jpg,31.261803,34.802925
data_processed\20251222_182648.jpg,31.261803,34.802925
data_processed\20251222_182650.jpg,31.261803,34.802925
data_processed\20251222_182652.jpg,31.261803,34.802925
data_processed\20251222_182654.jpg,31.261803,34.802925
data_processed\20251222_182710.jpg,31.261803,34.802925
data_processed\20251222_182712.jpg,31.261803,34.802925
data_processed\20251222_182719.jpg,31.261784,34.80326
data_processed\20251222_182733.jpg,31.26178,34.80329
data_processed\20251222_182735.jpg,31.261793,34.803318
data_processed\20251222_182737.jpg,31.261793,34.803318
data_processed\20251222_182740.jpg,31.261793,34.803318
data_processed\20251222_182742.jpg,31.261793,34.803318
data_processed\20251222_182745.jpg,31.261793,34.803318
data_processed\20251222_182747.jpg,31.261793,34.803318
data_processed\20251222_182801.jpg,31.261793,34.803318
data_processed\20251222_182802.jpg,31.261793,34.803318
data_processed\20251222_182804.jpg,31.261793,34.803318
data_processed\20251222_182806.jpg,31.261793,34.803318
data_processed\20251222_182808.jpg,31.261793,34.803318
data_processed\20251222_182810.jpg,31.261793,34.803318
data_processed\20251222_182811.jpg,31.261793,34.803318
data_processed\20251222_182813.jpg,31.261793,34.803318
data_processed\20251222_182815.jpg,31.261793,34.803318
data_processed\20251222_182817.jpg,31.261793,34.803318
data_processed\20251222_182839.jpg,31.261827,34.80344
data_processed\20251222_182842.jpg,31.261827,34.80344
data_processed\20251222_182844.jpg,31.261827,34.80344
data_processed\20251222_182847.jpg,31.261827,34.80344
data_processed\20251222_182848.jpg,31.261827,34.80344
data_processed\20251222_182850.jpg,31.261827,34.80344
data_processed\20251222_182859.jpg,31.261827,34.80344
data_processed\20251222_182901.jpg,31.261827,34.80344
data_processed\20251222_182903.jpg,31.261827,34.80344
data_processed\20251222_182905.jpg,31.261827,34.80344
data_processed\20251222_182906.jpg,31.261827,34.80344
data_processed\20251222_182908.jpg,31.261827,34.80344
data_processed\20251222_182911.jpg,31.261827,34.80344
data_processed\20251222_182914.jpg,31.261827,34.80344
data_processed\20251222_182928.jpg,31.261827,34.80344
data_processed\20251222_182929.jpg,31.261827,34.80344
data_processed\20251222_182931.jpg,31.261827,34.80344
data_processed\20251222_182932.jpg,31.261827,34.80344
data_processed\20251222_182934.jpg,31.261827,34.80344
data_processed\20251222_182937.jpg,31.261808,34.804333
data_processed\20251222_182938.jpg,31.26182,34.804394
data_processed\20251222_182952.jpg,31.26183,34.804424
data_processed\20251222_182954.jpg,31.26183,34.804424
data_processed\20251222_182955.jpg,31.26183,34.804424
data_processed\20251222_182957.jpg,31.26183,34.804424
data_processed\20251222_182958.jpg,31.26183,34.804424
data_processed\20251222_182959.jpg,31.26183,34.804424
data_processed\20251222_183005.jpg,31.26183,34.804424
data_processed\20251222_183008.jpg,31.26183,34.804424
data_processed\20251222_183016.jpg,31.26183,34.804424
data_processed\20251222_183018.jpg,31.26183,34.804424
data_processed\20251222_183019.jpg,31.26183,34.804424
data_processed\20251222_183021.jpg,31.26183,34.804424
data_processed\20251222_183034.jpg,31.262049,34.804142
data_processed\20251222_183036.jpg,31.262047,34.80413
data_processed\20251222_183038.jpg,31.262047,34.80413
data_processed\20251222_183039.jpg,31.262047,34.80413
data_processed\20251222_183041.jpg,31.262047,34.80413
data_processed\20251222_183042.jpg,31.262047,34.80413
data_processed\20251222_183043.jpg,31.262047,34.80413
data_processed\20251222_183045.jpg,31.262047,34.80413
data_processed\20251222_183047.jpg,31.262047,34.80413
data_processed\20251222_183049.jpg,31.262047,34.80413
data_processed\20251222_183112.jpg,31.262047,34.80413
data_processed\20251222_183113.jpg,31.262047,34.80413
data_processed\20251222_183115.jpg,31.262047,34.80413
data_processed\20251222_183118.jpg,31.262047,34.80413
data_processed\20251222_183120.jpg,31.262047,34.80413
data_processed\20251222_183121.jpg,31.262018,34.804085
data_processed\20251222_183123.jpg,31.26195,34.804077
data_processed\20251222_183125.jpg,31.261927,34.80408
data_processed\20251222_183138.jpg,31.26186,34.80418
data_processed\20251222_183140.jpg,31.26186,34.80418
data_processed\20251222_183141.jpg,31.26186,34.80418
data_processed\20251222_183321.jpg,31.261862,34.803596
data_processed\20251222_183322.jpg,31.261873,34.803505
data_processed\20251222_183324.jpg,31.261873,34.803497
data_processed\20251222_183325.jpg,31.261873,34.803497
data_processed\20251222_183326.jpg,31.261873,34.8035
data_processed\20251222_183340.jpg,31.261873,34.803497
data_processed\20251222_183341.jpg,31.261873,34.803497
data_processed\20251222_183343.jpg,31.261873,34.8035
data_processed\20251222_183346.jpg,31.261873,34.803497
data_processed\20251222_183347.jpg,31.261873,34.803497
data_processed\20251222_183437.jpg,31.262047,34.80363
data_processed\20251222_183438.jpg,31.262037,34.803616
data_processed\20251222_183440.jpg,31.262035,34.80362
data_processed\20251222_183442.jpg,31.262035,34.80362
data_processed\20251222_183446.jpg,31.262035,34.80362
data_processed\20251222_183449.jpg,31.262035,34.80362
data_processed\20251222_183531.jpg,31.262035,34.80362
data_processed\20251222_183534.jpg,31.262089,34.803177
data_processed\20251222_183537.jpg,31.262089,34.803146
data_processed\20251222_183539(0).jpg,31.262089,34.803146
data_processed\20251222_183539.jpg,31.262089,34.803146
data_processed\20251222_183541.jpg,31.262089,34.803146
data_processed\20251222_183542.jpg,31.262089,34.803146
data_processed\20251222_183554.jpg,31.262089,34.803146
data_processed\20251222_183555.jpg,31.262089,34.803146
data_processed\20251222_183557.jpg,31.262089,34.803146
data_processed\20251222_183558.jpg,31.262089,34.803146
data_processed\20251222_183559.jpg,31.262089,34.803146
data_processed\20251222_183602.jpg,31.262089,34.803146
data_processed\20251222_183604.jpg,31.262089,34.803146
data_processed\20251222_183605.jpg,31.262089,34.803146
data_processed\20251222_183607.jpg,31.262089,34.803146
data_processed\20251222_183609.jpg,31.262089,34.803146
data_processed\20251223_084720.jpg,31.261843,34.80121
data_processed\20251223_084721.jpg,31.261843,34.80121
data_processed\20251223_084723.jpg,31.261843,34.80121
data_processed\20251223_084724.jpg,31.261843,34.80121
data_processed\20251223_084725.jpg,31.261843,34.80121
data_processed\20251223_084727.jpg,31.261843,34.80121
data_processed\20251223_084728.jpg,31.261843,34.80121
data_processed\20251223_084739.jpg,31.261843,34.80121
data_processed\20251223_084740.jpg,31.261843,34.80121
data_processed\20251223_084742.jpg,31.261843,34.80121
data_processed\20251223_084744.jpg,31.261843,34.80121
data_processed\20251223_084745.jpg,31.261843,34.80121
data_processed\20251223_084746.jpg,31.261843,34.80121
data_processed\20251223_084748.jpg,31.261843,34.80121
data_processed\20251223_084801.jpg,31.261843,34.80121
data_processed\20251223_084803.jpg,31.261843,34.80121
data_processed\20251223_084804.jpg,31.261843,34.80121
data_processed\20251223_084807.jpg,31.261843,34.80121
data_processed\20251223_084808.jpg,31.261843,34.80121
data_processed\20251223_084844.jpg,31.261805,34.80168
data_processed\20251223_085018.jpg,31.261808,34.801956
data_processed\20251223_085045.jpg,31.261808,34.801956
data_processed\20251223_085102.jpg,31.261734,34.80212
data_processed\20251223_085104.jpg,31.261759,34.80218
data_processed\20251223_085107.jpg,31.261774,34.802223
data_processed\20251223_085109.jpg,31.261774,34.802223
data_processed\20251223_085110.jpg,31.261774,34.802223
data_processed\20251223_085127.jpg,31.261774,34.802223
data_processed\20251223_085145.jpg,31.261774,34.802223
data_processed\20251223_085155.jpg,31.261808,34.802444
data_processed\20251223_085157.jpg,31.261805,34.802456
data_processed\20251223_085201.jpg,31.261805,34.802456
data_processed\20251223_085211.jpg,31.261805,34.802456
data_processed\20251223_085212.jpg,31.261805,34.802456
data_processed\20251223_085213.jpg,31.261805,34.802456
data_processed\20251223_085215.jpg,31.261805,34.802456
data_processed\20251223_085216.jpg,31.261805,34.802456
data_processed\20251223_085217.jpg,31.261805,34.802456
data_processed\20251223_085218.jpg,31.261805,34.802456
data_processed\20251223_085259.jpg,31.261759,34.802757
data_processed\20251223_085301.jpg,31.261757,34.802757
data_processed\20251223_085302.jpg,31.261757,34.802757
data_processed\20251223_085307.jpg,31.261759,34.802757
data_processed\20251223_085309(0).jpg,31.261757,34.802757
data_processed\20251223_085309.jpg,31.261757,34.802757
data_processed\20251223_085310.jpg,31.261757,34.802757
data_processed\20251223_085327.jpg,31.261759,34.802757
data_processed\20251223_085329.jpg,31.261757,34.802757
data_processed\20251223_085331.jpg,31.261759,34.802757
data_processed\20251223_085334.jpg,31.261763,34.802784
data_processed\20251223_085337.jpg,31.261763,34.802784
data_processed\20251223_085358.jpg,31.26184,34.803005
data_processed\20251223_085359.jpg,31.261848,34.803055
data_processed\20251223_085400.jpg,31.261847,34.803078
data_processed\20251223_085402.jpg,31.261847,34.803078
data_processed\20251223_085403.jpg,31.261847,34.803078
data_processed\20251223_085407.jpg,31.261847,34.803078
data_processed\20251223_085415.jpg,31.261847,34.803078
data_processed\20251223_085418.jpg,31.261847,34.803078
data_processed\20251223_085431.jpg,31.261847,34.803078
data_processed\20251223_085432.jpg,31.261847,34.803078
data_processed\20251223_085435.jpg,31.261847,34.803078
data_processed\20251223_085436.jpg,31.261847,34.803078
data_processed\20251223_085439.jpg,31.261847,34.803078
data_processed\20251223_085440.jpg,31.261847,34.803078
data_processed\20251223_085452.jpg,31.261847,34.803078
data_processed\20251223_085453.jpg,31.261847,34.803078
data_processed\20251223_085458.jpg,31.261862,34.803314
data_processed\20251223_085459.jpg,31.261873,34.80334
data_processed\20251223_085508.jpg,31.261873,34.80334
data_processed\20251223_085512.jpg,31.261873,34.803337
data_processed\20251223_085530.jpg,31.261873,34.80334
data_processed\20251223_085540.jpg,31.261873,34.80334
data_processed\20251223_085546.jpg,31.261873,34.80334
data_processed\20251223_085554.jpg,31.261877,34.803352
data_processed\20251223_085605.jpg,31.261875,34.803356
data_processed\20251223_085612.jpg,31.261875,34.803356
data_processed\20251223_085625.jpg,31.261873,34.803356
data_processed\20251223_085626.jpg,31.261873,34.803356
data_processed\20251223_085629.jpg,31.261875,34.803356
data_processed\20251223_085630.jpg,31.261875,34.803356
data_processed\20251223_085631.jpg,31.261873,34.803356
data_processed\20251223_085633.jpg,31.261875,34.803356
data_processed\20251223_085638.jpg,31.261873,34.803356
data_processed\20251223_085721.jpg,31.261774,34.80385
data_processed\20251223_085723.jpg,31.261774,34.80385
data_processed\20251223_085724.jpg,31.261774,34.80385
data_processed\20251223_085742.jpg,31.261774,34.80385
data_processed\20251223_085744.jpg,31.261774,34.80385
data_processed\20251223_085745.jpg,31.261774,34.80385
data_processed\20251223_085748.jpg,31.261774,34.80385
data_processed\20251223_085753.jpg,31.261774,34.80385
data_processed\20251223_085754.jpg,31.261774,34.80385
data_processed\20251223_085810.jpg,31.261879,34.804047
data_processed\20251223_085811.jpg,31.26189,34.80404
data_processed\20251223_085812.jpg,31.261885,34.804047
data_processed\20251223_085814.jpg,31.261885,34.804047
data_processed\20251223_085816.jpg,31.261885,34.804047
data_processed\20251223_085830.jpg,31.261885,34.804047
data_processed\20251223_085831.jpg,31.261885,34.804047
data_processed\20251223_085832.jpg,31.261885,34.804047
data_processed\20251223_085834.jpg,31.261885,34.804047
data_processed\20251223_085835.jpg,31.261885,34.804047
data_processed\20251223_085838.jpg,31.261885,34.804047
data_processed\20251223_085842.jpg,31.261885,34.804047
data_processed\20251223_085845.jpg,31.261885,34.804047
data_processed\IMG20251224102117.jpg,31.26223,34.80136
data_processed\IMG20251224103530.jpg,31.261847,34.801212
data_processed\IMG20251224103532.jpg,31.261847,34.801212
data_processed\IMG20251224103534.jpg,31.261847,34.801212
data_processed\IMG20251224103536.jpg,31.261847,34.801212
data_processed\IMG20251224103538.jpg,31.261847,34.801212
data_processed\IMG20251224103540.jpg,31.261847,34.801212
data_processed\IMG20251224103543.jpg,31.261847,34.801212
data_processed\IMG20251224103546.jpg,31.261847,34.801212
data_processed\IMG20251224103601.jpg,31.261847,34.801212
data_processed\IMG20251224103602.jpg,31.261847,34.801212
data_processed\IMG20251224103604.jpg,31.261847,34.801212
data_processed\IMG20251224103606.jpg,31.261847,34.801212
data_processed\IMG20251224103609.jpg,31.261847,34.801212
data_processed\IMG20251224103613.jpg,31.261847,34.801212
data_processed\IMG20251224103638.jpg,31.261953,34.801125
data_processed\IMG20251224103639.jpg,31.261953,34.801125
data_processed\IMG20251224103642.jpg,31.261953,34.801125
data_processed\IMG20251224103645.jpg,31.261953,34.801125
data_processed\IMG20251224103647.jpg,31.261953,34.801125
data_processed\IMG20251224103650.jpg,31.261953,34.801125
data_processed\IMG20251224103652.jpg,31.261953,34.801125
data_processed\IMG20251224103655.jpg,31.261953,34.801125
data_processed\IMG20251224103657.jpg,31.261953,34.801125
data_processed\IMG20251224103722.jpg,31.261953,34.801125
data_processed\IMG20251224103723.jpg,31.262026,34.80109
data_processed\IMG20251224103725.jpg,31.262026,34.80109
data_processed\IMG20251224103727.jpg,31.262026,34.80109
data_processed\IMG20251224103729.jpg,31.262026,34.80109
data_processed\IMG20251224103731.jpg,31.262026,34.80109
data_processed\IMG20251224103733.jpg,31.262026,34.80109
data_processed\IMG20251224103735.jpg,31.262026,34.80109
data_processed\IMG20251224103738.jpg,31.262026,34.80109
data_processed\IMG20251224103741.jpg,31.262026,34.80109
data_processed\IMG20251224103801.jpg,31.262026,34.80109
data_processed\IMG20251224103803.jpg,31.262026,34.80109
data_processed\IMG20251224103805.jpg,31.262026,34.80109
data_processed\IMG20251224103808.jpg,31.262026,34.80109
data_processed\IMG20251224103811.jpg,31.262026,34.80109
data_processed\IMG20251224103813.jpg,31.262026,34.80109
data_processed\IMG20251224103957.jpg,31.262259,34.801327
data_processed\IMG20251224103959.jpg,31.262259,34.801327
data_processed\IMG20251224104001.jpg,31.262259,34.801327
data_processed\IMG20251224104004.jpg,31.262259,34.801327
data_processed\IMG20251224104007.jpg,31.262259,34.801327
data_processed\IMG20251224104010.jpg,31.262259,34.801327
data_processed\IMG20251224104013.jpg,31.262259,34.801327
data_processed\IMG20251224104015.jpg,31.262259,34.801327
data_processed\IMG20251224104017.jpg,31.262259,34.801327
data_processed\IMG20251224104038.jpg,31.262259,34.801327
data_processed\IMG20251224104040.jpg,31.262283,34.801327
data_processed\IMG20251224104043.jpg,31.262283,34.801327
data_processed\IMG20251224104045.jpg,31.262283,34.801327
data_processed\IMG20251224104047.jpg,31.262283,34.801327
data_processed\IMG20251224104050.jpg,31.262283,34.801327
data_processed\IMG20251224104052.jpg,31.262283,34.801327
data_processed\IMG20251224104111.jpg,31.262283,34.801327
data_processed\IMG20251224104114.jpg,31.262283,34.801327
data_processed\IMG20251224104119.jpg,31.262283,34.801327
data_processed\IMG20251224104142.jpg,31.261984,34.8014
data_processed\IMG20251224104144.jpg,31.261984,34.8014
data_processed\IMG20251224104147.jpg,31.261984,34.8014
data_processed\IMG20251224104149.jpg,31.261984,34.8014
data_processed\IMG20251224104152.jpg,31.261984,34.8014
data_processed\IMG20251224104158.jpg,31.261984,34.8014
data_processed\IMG20251224104200.jpg,31.261984,34.8014
data_processed\IMG20251224104216.jpg,31.261984,34.8014
data_processed\IMG20251224104218.jpg,31.261984,34.8014
data_processed\IMG20251224104220.jpg,31.261984,34.8014
data_processed\IMG20251224104222.jpg,31.261984,34.8014
data_processed\IMG20251224104225.jpg,31.261984,34.8014
data_processed\IMG20251224104227.jpg,31.261984,34.8014
data_processed\IMG20251224104229.jpg,31.261984,34.8014
data_processed\IMG20251224104249.jpg,31.262,34.80162
data_processed\IMG20251224104251.jpg,31.262,34.80162
data_processed\IMG20251224104255.jpg,31.262,34.80162
data_processed\IMG20251224104302.jpg,31.262,34.80162
data_processed\IMG20251224104304.jpg,31.262,34.80162
data_processed\IMG20251224104307.jpg,31.262,34.80162
data_processed\IMG20251224104335.jpg,31.262,34.80162
data_processed\IMG20251224104337.jpg,31.261984,34.801662
data_processed\IMG20251224104341.jpg,31.261984,34.801662
data_processed\IMG20251224104343.jpg,31.261984,34.801662
data_processed\IMG20251224104346.jpg,31.261984,34.801662
data_processed\IMG20251224104351.jpg,31.261984,34.801662
data_processed\IMG20251224104425.jpg,31.261984,34.801662
data_processed\IMG20251224104429.jpg,31.261984,34.801662
data_processed\IMG20251224104431.jpg,31.261984,34.801662
data_processed\IMG20251224104434.jpg,31.261984,34.801662
data_processed\IMG20251224104437.jpg,31.261984,34.801662
data_processed\IMG20251224104507.jpg,31.261953,34.80198
data_processed\IMG20251224104510.jpg,31.261953,34.80198
data_processed\IMG20251224104513.jpg,31.261953,34.80198
data_processed\IMG20251224104516.jpg,31.261953,34.80198
data_processed\IMG20251224104519.jpg,31.261953,34.80198
data_processed\IMG20251224104522.jpg,31.261953,34.80198
data_processed\IMG20251224104524.jpg,31.261953,34.80198
data_processed\IMG20251224104558.jpg,31.261656,34.801968
data_processed\IMG20251224104601.jpg,31.261656,34.801968
data_processed\IMG20251224104603.jpg,31.261656,34.801968
data_processed\IMG20251224104605.jpg,31.261656,34.801968
data_processed\IMG20251224104607.jpg,31.261656,34.801968
data_processed\IMG20251224104617.jpg,31.261656,34.801968
data_processed\IMG20251224104638.jpg,31.261656,34.801968
data_processed\IMG20251224104640.jpg,31.261656,34.801968
data_processed\IMG20251224104645.jpg,31.261656,34.801968
data_processed\IMG20251224104647.jpg,31.261656,34.801968
data_processed\IMG20251224104649.jpg,31.261656,34.801968
data_processed\IMG20251224104652.jpg,31.261656,34.801968
data_processed\IMG20251224104711.jpg,31.261656,34.801968
data_processed\IMG20251224104734.jpg,31.26175,34.801643
data_processed\IMG20251224104737.jpg,31.26175,34.801643
data_processed\IMG20251224104740.jpg,31.26175,34.801643
data_processed\IMG20251224104824.jpg,31.26185,34.8015
data_processed\IMG20251224104826.jpg,31.26185,34.8015
data_processed\IMG20251224104830.jpg,31.26185,34.8015
data_processed\IMG20251224104832.jpg,31.26185,34.8015
data_processed\IMG20251224104837.jpg,31.26185,34.8015
data_processed\IMG20251224104839.jpg,31.26185,34.8015
data_processed\IMG20251224104842.jpg,31.26185,34.8015
data_processed\IMG20251224105028.jpg,31.261877,34.801563
data_processed\IMG20251224105030.jpg,31.261877,34.801563
data_processed\IMG20251224105032.jpg,31.261877,34.801563
data_processed\IMG20251224105039.jpg,31.261877,34.801563
data_processed\IMG20251224105042.jpg,31.261877,34.801563
data_processed\IMG20251224105044.jpg,31.261877,34.801563
data_processed\IMG20251224105047.jpg,31.261877,34.801563
data_processed\IMG20251224121155.jpg,31.262486,34.80201
data_processed\IMG20251224121158.jpg,31.262486,34.80201
data_processed\IMG20251224121232.jpg,31.262486,34.80201
data_processed\IMG20251224121234.jpg,31.262486,34.80201
data_processed\IMG20251224121236.jpg,31.262486,34.80201
data_processed\IMG20251224121302.jpg,31.261892,34.80296
data_processed\IMG20251224121308.jpg,31.261892,34.80296
data_processed\IMG20251224121326.jpg,31.261892,34.80296
data_processed\IMG20251224121330.jpg,31.261892,34.80296
data_processed\IMG20251224121407.jpg,31.261892,34.80296
data_processed\IMG20251224121411.jpg,31.261892,34.80296
data_processed\IMG20251224121440.jpg,31.261892,34.80296
data_processed\IMG20251224121444.jpg,31.261892,34.80296
data_processed\IMG20251224121446.jpg,31.261892,34.80296
data_processed\IMG20251224121518.jpg,31.2621,34.803276
data_processed\IMG20251224121558.jpg,31.262169,34.803703
data_processed\IMG20251224121602.jpg,31.262169,34.803703
data_processed\IMG20251224121743.jpg,31.26212,34.80412
data_processed\IMG20251224121745.jpg,31.26212,34.80412
data_processed\IMG20251224121747.jpg,31.26212,34.80412
data_processed\IMG20251224121749.jpg,31.26212,34.80412
data_processed\IMG20251224121751.jpg,31.26212,34.80412
data_processed\IMG20251224121756.jpg,31.26212,34.80412
data_processed\IMG20251224121818.jpg,31.26212,34.80412
data_processed\IMG20251224121825.jpg,31.26212,34.80412
data_processed\IMG20251224121827.jpg,31.26212,34.80412
data_processed\IMG20251224121830.jpg,31.26212,34.80412
data_processed\IMG20251224121838.jpg,31.262123,34.804157
data_processed\IMG20251225182734.jpg,31.261919,34.804157
data_processed\IMG20251225182739.jpg,31.261919,34.804157
data_processed\IMG20251225182802.jpg,31.26187,34.804413
data_processed\IMG20251225182804.jpg,31.26187,34.804413
data_processed\IMG20251225182807.jpg,31.26187,34.804413
data_processed\IMG20251225182813.jpg,31.26187,34.804413
data_processed\IMG20251225182815.jpg,31.26187,34.804413
data_processed\IMG20251225182817.jpg,31.26187,34.804413
data_processed\IMG20251225182840(1).jpg,31.26187,34.804413
data_processed\IMG20251225182840.jpg,31.26187,34.804413
data_processed\IMG20251225182844(1).jpg,31.262014,34.804264
data_processed\IMG20251225182844.jpg,31.262014,34.804264
data_processed\IMG20251225182846.jpg,31.262014,34.804264
data_processed\IMG20251225182849.jpg,31.262014,34.804264
data_processed\IMG20251225182852.jpg,31.262014,34.804264
data_processed\IMG20251225182859.jpg,31.262014,34.804264
data_processed\IMG20251225182901.jpg,31.262014,34.804264
data_processed\IMG20251225182904.jpg,31.262014,34.804264
data_processed\IMG20251225182908.jpg,31.262014,34.804264
data_processed\IMG20251225182910.jpg,31.262014,34.804264
data_processed\IMG20251225182914.jpg,31.262014,34.804264
data_processed\IMG20251225182936.jpg,31.262014,34.804264
data_processed\IMG20251225182939.jpg,31.262014,34.804264
data_processed\IMG20251225182942.jpg,31.262014,34.804264
data_processed\IMG20251225182944.jpg,31.261972,34.804077
data_processed\IMG20251225182947.jpg,31.261972,34.804077
data_processed\IMG20251225182952.jpg,31.261972,34.804077
data_processed\IMG20251225182954.jpg,31.261972,34.804077
data_processed\IMG20251225183026.jpg,31.261972,34.804077
data_processed\IMG20251225183028.jpg,31.261972,34.804077
data_processed\IMG20251225183033.jpg,31.261972,34.804077
data_processed\IMG20251225183035.jpg,31.261972,34.804077
data_processed\IMG20251225183037.jpg,31.261972,34.804077
data_processed\IMG20251225183042.jpg,31.262173,34.80398
data_processed\IMG20251225183103.jpg,31.262173,34.80398
data_processed\IMG20251225183108.jpg,31.262173,34.80398
data_processed\IMG20251225183135.jpg,31.262173,34.80398
data_processed\IMG20251225183141.jpg,31.262173,34.80398
data_processed\IMG20251225183144.jpg,31.262173,34.80398
data_processed\IMG20251225183206.jpg,31.262014,34.80342
data_processed\IMG20251225183209.jpg,31.262014,34.80342
data_processed\IMG20251225183214.jpg,31.262014,34.80342
data_processed\IMG20251225183231.jpg,31.262014,34.80342
data_processed\IMG20251225183301.jpg,31.261955,34.8031
data_processed\IMG20251225183303.jpg,31.261955,34.8031
data_processed\IMG20251225183306.jpg,31.261955,34.8031
data_processed\IMG20251225183313.jpg,31.261955,34.8031
data_processed\IMG20251225183317.jpg,31.261955,34.8031
data_processed\IMG20251225183320.jpg,31.261955,34.8031
data_processed\IMG20251225183324.jpg,31.261955,34.8031
data_processed\IMG20251225183326.jpg,31.261955,34.8031
data_processed\IMG20251225183332.jpg,31.261955,34.8031
data_processed\IMG20251225183359.jpg,31.261816,34.80273
data_processed\IMG20251225183402.jpg,31.261816,34.80273
data_processed\IMG20251225183410.jpg,31.261816,34.80273
data_processed\IMG20251225183412.jpg,31.261816,34.80273
data_processed\IMG20251225183415.jpg,31.261816,34.80273
data_processed\IMG20251225183434.jpg,31.261816,34.80273
data_processed\IMG20251225183451.jpg,31.261816,34.80273
data_processed\IMG20251225183454.jpg,31.261816,34.80273
data_processed\IMG20251225183503.jpg,31.262066,34.802513
data_processed\IMG20251225183505.jpg,31.262066,34.802513
data_processed\IMG20251225183529.jpg,31.262066,34.802513
data_processed\IMG20251225183604.jpg,31.262066,34.802513
data_processed\IMG20251225183607.jpg,31.262066,34.802513
data_processed\IMG20251225183609.jpg,31.262066,34.802513
data_processed\IMG20251225183611.jpg,31.261913,34.802383
data_processed\IMG20251225183638.jpg,31.261913,34.802383
data_processed\IMG20251225183640.jpg,31.261913,34.802383
data_processed\IMG20251225183643.jpg,31.261913,34.802383
data_processed\IMG20251225183645.jpg,31.261913,34.802383
data_processed\IMG20251225183648.jpg,31.261913,34.802383
data_processed\IMG20251225183650.jpg,31.261913,34.802383
data_processed\IMG20251225183909.jpg,31.261978,34.80212
data_processed\IMG20251225183912.jpg,31.261978,34.80212
data_processed\IMG20251225183921.jpg,31.261978,34.80212
data_processed\IMG20251225183927.jpg,31.261978,34.80212
data_processed\IMG20251225183930.jpg,31.261978,34.80212
data_processed\IMG20251225183933.jpg,31.261978,34.80212
data_processed\IMG20251225183935.jpg,31.261978,34.80212
data_processed\IMG20251225183937.jpg,31.261978,34.80212
data_processed\IMG20251225183940.jpg,31.261978,34.80212
data_processed\IMG20251225183942.jpg,31.261978,34.80212
data_processed\IMG20251225183959.jpg,31.261978,34.80212
data_processed\IMG20251225184001.jpg,31.261978,34.80212
data_processed\IMG20251225184003.jpg,31.261978,34.80212
data_processed\IMG20251225184005.jpg,31.261978,34.80212
data_processed\IMG20251225184008.jpg,31.261961,34.80201
data_processed\IMG20251225184012.jpg,31.261961,34.80201
data_processed\IMG20251225184014.jpg,31.261961,34.80201
data_processed\IMG20251225184018.jpg,31.261961,34.80201
data_processed\IMG20251225184113.jpg,31.261961,34.80201
data_processed\IMG20251225184116.jpg,31.261961,34.80201
data_processed\IMG20251225184118.jpg,31.261961,34.80201
data_processed\IMG20251225184134.jpg,31.261961,34.80201
data_processed\IMG20251225184136.jpg,31.261961,34.80201
data_processed\IMG20251225184139.jpg,31.261961,34.80201
data_processed\IMG20251225184142.jpg,31.261961,34.80201
data_processed\IMG20251225184146.jpg,31.261961,34.80201
data_processed\IMG20251225184150.jpg,31.261961,34.80201
data_processed\IMG20251225184153.jpg,31.261961,34.80201
data_processed\IMG20251225184156.jpg,31.261961,34.80201
data_processed\IMG20251225184209.jpg,31.261972,34.8019
data_processed\IMG20251225184212.jpg,31.261972,34.8019
data_processed\IMG20251225184215.jpg,31.261972,34.8019
data_processed\IMG20251225184217.jpg,31.261972,34.8019
data_processed\IMG20251225184219.jpg,31.261972,34.8019
data_processed\IMG20251225184222.jpg,31.261972,34.8019
data_processed\IMG20251225184224.jpg,31.261972,34.8019
data_processed\IMG20251225184227.jpg,31.261972,34.8019
data_processed\IMG20251225184230.jpg,31.261972,34.8019
data_processed\IMG20251225184401.jpg,31.261837,34.80168
data_processed\IMG20251225184403.jpg,31.261837,34.80168
data_processed\IMG20251225184432.jpg,31.261837,34.80168
data_processed\IMG20251225184433.jpg,31.261837,34.80168
data_processed\IMG20251225184435.jpg,31.261837,34.80168
data_processed\IMG20251225184438.jpg,31.261837,34.80168
data_processed\IMG20251225184442.jpg,31.261837,34.80168
data_processed\IMG20251225184444.jpg,31.261837,34.80168
data_processed\IMG20251225184454.jpg,31.261837,34.80168
data_processed\IMG20251225184457.jpg,31.261837,34.80168
data_processed\IMG20251225184500.jpg,31.26187,34.801483
data_processed\IMG20251225184642.jpg,31.262058,34.801083
data_processed\IMG20251225184645.jpg,31.262058,34.801083
data_processed\IMG20251225184648.jpg,31.262058,34.801083
data_processed\IMG20251225184655.jpg,31.262058,34.801083
data_processed\IMG20251225184701.jpg,31.261852,34.801353
data_processed\IMG20251225184703.jpg,31.261852,34.801353
data_processed\IMG20251225184706.jpg,31.261852,34.801353
data_processed\IMG20251225184709.jpg,31.261852,34.801353
data_processed\IMG20251225184725.jpg,31.261852,34.801353
data_processed\IMG20251225184727.jpg,31.261852,34.801353
data_processed\IMG20251225184729.jpg,31.261852,34.801353
data_processed\IMG20251225184730.jpg,31.261852,34.801353
data_processed\IMG20251225184732.jpg,31.261852,34.801353
data_processed\IMG20251225184735.jpg,31.261852,34.801353
data_processed\IMG20251225184737.jpg,31.261852,34.801353
data_processed\IMG20251225184742.jpg,31.261852,34.801353
data_processed\IMG20251225184744.jpg,31.261852,34.801353
data_processed\IMG20251225184746.jpg,31.261852,34.801353
data_processed\IMG20251225184801.jpg,31.26221,34.801414
data_processed\IMG20251225184804.jpg,31.26221,34.801414
data_processed\IMG20251225184806.jpg,31.26221,34.801414
data_processed\IMG20251225184811.jpg,31.26221,34.801414
data_processed\IMG20251225184813.jpg,31.26221,34.801414
data_processed\IMG20251225184817.jpg,31.26221,34.801414
data_processed\IMG20251225184833.jpg,31.26221,34.801414
data_processed\IMG20251225184835.jpg,31.26221,34.801414
data_processed\IMG20251225184838.jpg,31.26221,34.801414
data_processed\IMG20251225184840.jpg,31.26221,34.801414
data_processed\IMG20251225184842.jpg,31.26221,34.801414
data_processed\IMG20251225184847.jpg,31.26221,34.801414
data_processed\IMG20251225184849.jpg,31.26221,34.801414
data_processed\IMG20251225184851.jpg,31.26221,34.801414
data_processed\IMG20251225184857.jpg,31.26221,34.801414
data_processed\IMG20251225184913.jpg,31.262276,34.80129
data_processed\IMG20251225184915.jpg,31.262276,34.80129
data_processed\IMG20251225184917.jpg,31.262276,34.80129
data_processed\IMG20251225184919.jpg,31.262276,34.80129
data_processed\IMG20251225184921.jpg,31.262276,34.80129
data_processed\IMG20251225184924.jpg,31.262276,34.80129
data_processed\IMG20251225184926.jpg,31.262276,34.80129
data_processed\IMG20251225184928.jpg,31.262276,34.80129
data_processed\IMG20251225185007.jpg,31.26212,34.80105
data_processed\IMG20251225185010.jpg,31.26212,34.80105
data_processed\IMG20251225185013.jpg,31.26212,34.80105
data_processed\IMG20251225185016.jpg,31.26212,34.80105
data_processed\IMG20251225185018.jpg,31.26212,34.80105
data_processed\IMG20251225185020.jpg,31.26212,34.80105
data_processed\IMG20251225185043.jpg,31.26212,34.80105
data_processed\IMG20251225185101.jpg,31.262144,34.801014
data_processed\IMG20251225185104.jpg,31.262144,34.801014
data_processed\IMG20251225185111.jpg,31.262144,34.801014
data_processed\IMG20251225185114.jpg,31.262144,34.801014
data_processed\IMG20251225185139.jpg,31.262144,34.801014
data_processed\IMG20251225185248(1).jpg,31.261938,34.801224
data_processed\IMG20251225185252.jpg,31.261938,34.801224
data_processed\IMG20251225185255.jpg,31.261938,34.801224
data_processed\IMG20251225185323.jpg,31.261938,34.801224
data_processed\IMG20251225185327.jpg,31.261938,34.801224
data_processed\IMG20251225185334.jpg,31.261938,34.801224
data_processed\IMG20251225185512.jpg,31.261906,34.802418
data_processed\IMG20251225185516.jpg,31.261906,34.802418
data_processed\IMG20251225185538.jpg,31.261906,34.802418
data_processed\IMG20251225185540.jpg,31.261906,34.802418
data_processed\IMG20251225185542.jpg,31.261906,34.802418
data_processed\IMG20251225185550.jpg,31.261822,34.802685
data_processed\IMG20251225185552.jpg,31.261822,34.802685
data_processed\IMG20251225185554.jpg,31.261822,34.802685
data_processed\IMG20251225185556.jpg,31.261822,34.802685
data_processed\IMG20251225185621.jpg,31.261822,34.802685
data_processed\IMG20251225185623.jpg,31.261822,34.802685
data_processed\IMG20251225185625.jpg,31.261822,34.802685
data_processed\IMG20251225185627.jpg,31.261822,34.802685
data_processed\IMG20251225185630.jpg,31.261822,34.802685
data_processed\IMG20251225185640.jpg,31.261822,34.802685
data_processed\IMG20251225185643.jpg,31.261822,34.802685
data_processed\IMG20251225185719.jpg,31.262194,34.803154
data_processed\IMG20251225185721.jpg,31.262194,34.803154
data_processed\IMG20251225185751.jpg,31.262194,34.803154
data_processed\IMG20251225185753.jpg,31.262194,34.803154
data_processed\IMG20251225185801.jpg,31.262194,34.803154
data_processed\IMG20251225185804.jpg,31.262194,34.803154
data_processed\IMG20251225190001.jpg,31.261892,34.80381
data_processed\IMG20251225190026.jpg,31.261892,34.80381
data_processed\IMG20251225190112.jpg,31.261673,34.802727
data_processed\IMG20251225190114.jpg,31.261673,34.802727
data_processed\IMG20251225190116.jpg,31.261673,34.802727
data_processed\IMG20251225190119.jpg,31.261673,34.802727
data_processed\IMG20251225190158.jpg,31.261673,34.802727
data_processed\IMG20251225190207.jpg,31.262041,34.8027
data_processed\IMG20251225190224.jpg,31.262041,34.8027
data_processed\IMG20251225190228.jpg,31.262041,34.8027
data_processed\IMG20251225190258.jpg,31.262041,34.8027
data_processed\IMG20251225190301.jpg,31.262041,34.8027
data_processed\IMG20251225190315.jpg,31.261902,34.802284
data_processed\IMG20251225190328.jpg,31.261902,34.802284
data_processed\IMG20251225190330.jpg,31.261902,34.802284
data_processed\IMG20251225190349.jpg,31.261902,34.802284
data_processed\IMG20251225190354.jpg,31.261902,34.802284
data_processed\IMG20251225190357.jpg,31.261902,34.802284
data_processed\IMG20251225190359.jpg,31.261902,34.802284
data_processed\IMG20251225190404.jpg,31.261616,34.801826
data_processed\IMG20251225190407.jpg,31.261616,34.801826
data_processed\IMG20251225190425.jpg,31.261616,34.801826
data_processed\IMG20251225190427.jpg,31.261616,34.801826
data_processed\IMG20251225190430.jpg,31.261616,34.801826
data_processed\IMG20251225190433.jpg,31.261616,34.801826
data_processed\IMG20251225190437.jpg,31.261616,34.801826
data_processed\IMG20251225190440.jpg,31.261616,34.801826
data_processed\IMG20251225190441.jpg,31.261616,34.801826
data_processed\IMG20251225190456.jpg,31.261616,34.801826
data_processed\IMG20251225190458.jpg,31.261616,34.801826
data_processed\IMG20251225190525.jpg,31.261713,34.801544
data_processed\IMG20251225190532.jpg,31.261713,34.801544
data_processed\IMG20251225190534.jpg,31.261713,34.801544
data_processed\IMG20251225190538.jpg,31.261713,34.801544
data_processed\IMG20251225190540.jpg,31.261713,34.801544
data_processed\IMG20251225190602.jpg,31.261713,34.801544
data_processed\IMG20251225190609.jpg,31.261856,34.801228
data_processed\IMG20251225190612.jpg,31.261856,34.801228
data_processed\IMG20251225190614.jpg,31.261856,34.801228
data_processed\IMG20251230113333.jpg,31.26185,34.802975
data_processed\IMG20251230113335.jpg,31.26185,34.802975
data_processed\IMG20251230113348.jpg,31.26185,34.802975
data_processed\IMG20251230113440.jpg,31.26185,34.802975
data_processed\IMG20251230113442.jpg,31.26185,34.802975
data_processed\IMG20251230113514.jpg,31.26187,34.803444
data_processed\IMG20251230113518.jpg,31.26187,34.803444
data_processed\IMG20251230113529.jpg,31.26187,34.803444
data_processed\IMG20251230113534.jpg,31.26187,34.803444
data_processed\IMG20251230113536.jpg,31.26187,34.803444
data_processed\IMG20251230113541.jpg,31.26187,34.803444
data_processed\IMG20251230113615.jpg,31.261858,34.804256
data_processed\IMG20251230113617.jpg,31.261858,34.804256
data_processed\IMG20251230113651.jpg,31.261858,34.804256
data_processed\IMG20251230113654.jpg,31.261858,34.804256
data_processed\IMG20251230113657.jpg,31.261858,34.804256
data_processed\IMG20251230113939.jpg,31.261847,34.80395
data_processed\IMG20251230113941.jpg,31.261847,34.80395
data_processed\IMG20251230113944.jpg,31.261847,34.80395
data_processed\IMG20251230113946.jpg,31.261917,34.804317
data_processed\IMG20251230113948.jpg,31.261917,34.804317
data_processed\IMG20251230113950.jpg,31.261917,34.804317
data_processed\IMG20251230113952.jpg,31.261917,34.804317
data_processed\IMG20251230113955.jpg,31.261917,34.804317
data_processed\IMG20251230113956.jpg,31.261917,34.804317
data_processed\IMG20251230114021.jpg,31.261917,34.804317
data_processed\IMG20251230114023.jpg,31.261917,34.804317
data_processed\IMG20251230114025.jpg,31.261917,34.804317
data_processed\IMG20251230114027.jpg,31.261917,34.804317
data_processed\IMG20251230114029.jpg,31.261917,34.804317
data_processed\IMG20251230114031.jpg,31.261917,34.804317
data_processed\IMG20251230114033.jpg,31.261917,34.804317
data_processed\IMG20251230114036.jpg,31.261917,34.804317
data_processed\IMG20251230114038.jpg,31.261917,34.804317
data_processed\IMG20251230114041.jpg,31.261917,34.804317
data_processed\IMG20251230114122.jpg,31.262083,34.804085
data_processed\IMG20251230114124.jpg,31.262083,34.804085
data_processed\IMG20251230114128.jpg,31.262083,34.804085
data_processed\IMG20251230114203.jpg,31.262083,34.804085
data_processed\IMG20251230114205.jpg,31.262083,34.804085
data_processed\IMG20251230114209.jpg,31.262083,34.804085
data_processed\IMG20251230114211.jpg,31.262083,34.804085
data_processed\IMG20251230114235.jpg,31.262203,34.804005
data_processed\IMG20251230114243.jpg,31.262203,34.804005
data_processed\IMG20251230114245.jpg,31.262203,34.804005
data_processed\IMG20251230114252.jpg,31.262203,34.804005
data_processed\IMG20251230114325.jpg,31.262203,34.804005
data_processed\IMG20251230114329.jpg,31.262203,34.804005
data_processed\IMG20251230114425.jpg,31.262138,34.802727
data_processed\IMG20251230114457.jpg,31.262138,34.802727
data_processed\IMG20251230114504.jpg,31.262138,34.802727
data_processed\IMG20251230114506.jpg,31.262138,34.802727
data_processed\IMG20251230114509.jpg,31.262138,34.802727
data_processed\IMG20251230114547.jpg,31.262081,34.802773
data_processed\IMG20251230114553.jpg,31.262081,34.802773
data_processed\IMG20251230114603.jpg,31.262081,34.802773
data_processed\IMG20251230114623.jpg,31.262081,34.802773
data_processed\IMG20251230114626.jpg,31.262081,34.802773
data_processed\IMG20251230114647.jpg,31.262053,34.802654
data_processed\IMG20251230114649.jpg,31.262053,34.802654
data_processed\IMG20251230114713.jpg,31.262053,34.802654
data_processed\IMG20251230114715.jpg,31.262053,34.802654
data_processed\IMG20251230114717.jpg,31.262053,34.802654
data_processed\IMG20251230114720.jpg,31.262053,34.802654
data_processed\IMG20251230114722.jpg,31.262053,34.802654
data_processed\IMG20251230114724.jpg,31.262053,34.802654
data_processed\IMG20251230114809.jpg,31.262026,34.802685
data_processed\IMG20251230114836.jpg,31.261997,34.80199
data_processed\IMG20251230114838.jpg,31.261997,34.80199
data_processed\IMG20251230114840.jpg,31.261997,34.80199
data_processed\IMG20251230114843.jpg,31.261997,34.80199
data_processed\IMG20251230114844.jpg,31.261997,34.80199
data_processed\IMG20251230114846.jpg,31.261997,34.80199
data_processed\IMG20251230114849.jpg,31.261997,34.80199
data_processed\IMG20251230114851.jpg,31.261997,34.80199
data_processed\IMG20251230114854.jpg,31.261997,34.80199
