20251222_094711.jpg,31.26196648,34.80118454
20251222_094715.jpg,31.26196648,34.80118454
20251222_094716.jpg,31.26196648,34.80118454
20251222_094718.jpg,31.26196648,34.80118454
20251222_094719.jpg,31.26196648,34.80118454
20251222_094720.jpg,31.26196648,34.80118454
20251222_094722.jpg,31.26196648,34.80118454
20251222_094728.jpg,31.26196648,34.80125159
20251222_094729.jpg,31.26196648,34.80125159
20251222_094733.jpg,31.26196648,34.80125159
20251222_094735.jpg,31.26196648,34.80125159
20251222_094736.jpg,31.26196648,34.80125159
20251222_094748.jpg,31.26196877,34.8013106
20251222_094750.jpg,31.26196877,34.8013106
20251222_094752.jpg,31.26196877,34.8013106
20251222_094754.jpg,31.26196877,34.8013106
20251222_094755.jpg,31.26196877,34.8013106
20251222_094756.jpg,31.26196877,34.8013106
20251222_094805.jpg,31.26197336,34.80137497
20251222_094806.jpg,31.26197336,34.80137497
20251222_094808.jpg,31.26197336,34.80137497
20251222_094809.jpg,31.26197336,34.80137497
20251222_094810.jpg,31.26197336,34.80137497
20251222_094811.jpg,31.26197336,34.80137497
20251222_094821.jpg,31.26197794,34.80146348
20251222_094823.jpg,31.26197794,34.80146348
20251222_094826.jpg,31.26197794,34.80146348
20251222_094832.jpg,31.26197794,34.80146348
20251222_094833.jpg,31.26197794,34.80146348
20251222_094834.jpg,31.26197794,34.80146348
20251222_094843.jpg,31.26198253,34.80156541
20251222_094845.jpg,31.26198253,34.80156541
20251222_094847.jpg,31.26198253,34.80156541
20251222_094849.jpg,31.26198253,34.80156541
20251222_094851.jpg,31.26198253,34.80156541
20251222_094853.jpg,31.26198253,34.80156541
20251222_094855.jpg,31.26198253,34.80156541
20251222_094903.jpg,31.26198253,34.80166733
20251222_094904.jpg,31.26198253,34.80166733
20251222_094905.jpg,31.26198253,34.80166733
20251222_094907.jpg,31.26198253,34.80166733
20251222_094908.jpg,31.26198253,34.80166733
20251222_094909.jpg,31.26198253,34.80166733
20251222_094911.jpg,31.26198253,34.80166733
20251222_094920.jpg,31.26197794,34.80176389
20251222_094921.jpg,31.26197794,34.80176389
20251222_094922.jpg,31.26197794,34.80176389
20251222_094923.jpg,31.26197794,34.80176389
20251222_094924.jpg,31.26197794,34.80176389
20251222_094925.jpg,31.26197794,34.80176389
20251222_094926.jpg,31.26197794,34.80176389
20251222_094927.jpg,31.26197794,34.80176389
20251222_094936.jpg,31.26198024,34.80185777
20251222_094940.jpg,31.26198024,34.80185777
20251222_095001.jpg,31.26198024,34.80185777
20251222_095002.jpg,31.26198024,34.80185777
20251222_095004.jpg,31.26198024,34.80185777
20251222_095006.jpg,31.26198024,34.80185777
20251222_095007.jpg,31.26198024,34.80185777
20251222_095009.jpg,31.26198024,34.80185777
20251222_095017.jpg,31.26198024,34.80194628
20251222_095018.jpg,31.26198024,34.80194628
20251222_095019.jpg,31.26198024,34.80194628
20251222_095020.jpg,31.26198024,34.80194628
20251222_095022.jpg,31.26198024,34.80194628
20251222_095023.jpg,31.26198024,34.80194628
20251222_095024.jpg,31.26198024,34.80194628
20251222_095033.jpg,31.26197794,34.8020348
20251222_095035.jpg,31.26197794,34.8020348
20251222_095036.jpg,31.26197794,34.8020348
20251222_095037.jpg,31.26197794,34.8020348
20251222_095038.jpg,31.26197794,34.8020348
20251222_095039.jpg,31.26197794,34.8020348
20251222_095057.jpg,31.26197565,34.80213404
20251222_095059.jpg,31.26197565,34.80213404
20251222_095101.jpg,31.26197565,34.80213404
20251222_095105.jpg,31.26197565,34.80213404
20251222_095107.jpg,31.26197565,34.80213404
20251222_095108.jpg,31.26197565,34.80213404
20251222_095112.jpg,31.26197565,34.80213404
20251222_095114.jpg,31.26197565,34.80213404
20251222_095115.jpg,31.26197565,34.80213404
20251222_095126.jpg,31.26197794,34.80220646
20251222_095127.jpg,31.26197794,34.80220646
20251222_095129.jpg,31.26197794,34.80220646
20251222_095130.jpg,31.26197794,34.80220646
20251222_095132.jpg,31.26197794,34.80220646
20251222_095133.jpg,31.26197794,34.80220646
20251222_095142.jpg,31.26198024,34.80229765
20251222_095144.jpg,31.26198024,34.80229765
20251222_095145.jpg,31.26198024,34.80229765
20251222_095146.jpg,31.26198024,34.80229765
20251222_095148.jpg,31.26198024,34.80236471
20251222_095202.jpg,31.26198024,34.80236471
20251222_095203.jpg,31.26198482,34.80244517
20251222_095204.jpg,31.26198482,34.80244517
20251222_095206.jpg,31.26198482,34.80244517
20251222_095207.jpg,31.26198482,34.80244517
20251222_095208.jpg,31.26198482,34.80244517
20251222_095209.jpg,31.26198482,34.80244517
20251222_095223.jpg,31.26206507,34.80256855
20251222_095225.jpg,31.26206507,34.80256855
20251222_095226.jpg,31.26206507,34.80256855
20251222_095228.jpg,31.26206507,34.80256855
20251222_095229.jpg,31.26206507,34.80256855
20251222_095230.jpg,31.26206507,34.80256855
20251222_095240.jpg,31.26211322,34.80267584
20251222_095242.jpg,31.26211322,34.80267584
20251222_095244.jpg,31.26211322,34.80267584
20251222_095245.jpg,31.26211322,34.80267584
20251222_095247.jpg,31.26211322,34.80267584
20251222_095257.jpg,31.26212239,34.80275631
20251222_095259.jpg,31.26212239,34.80275631
20251222_095304.jpg,31.26212239,34.80275631
20251222_095325.jpg,31.26212239,34.80275631
20251222_095335.jpg,31.26212009,34.80287701
20251222_095336.jpg,31.26212009,34.80287701
20251222_095337.jpg,31.26212009,34.80287701
20251222_095338.jpg,31.26212009,34.80287701
20251222_095339.jpg,31.26212009,34.80287701
20251222_095341.jpg,31.26212009,34.80287701
20251222_095342.jpg,31.26212009,34.80287701
20251222_095351.jpg,31.26212468,34.8029682
20251222_095352.jpg,31.26212468,34.8029682
20251222_095353.jpg,31.26212468,34.8029682
20251222_095354.jpg,31.26212468,34.8029682
20251222_095356.jpg,31.26212468,34.8029682
20251222_095357.jpg,31.26212468,34.8029682
20251222_095407.jpg,31.26212697,34.80303794
20251222_095408.jpg,31.26212697,34.80303794
20251222_095410.jpg,31.26212697,34.80303794
20251222_095413.jpg,31.26212697,34.80303794
20251222_095415.jpg,31.26212697,34.80303794
20251222_095417.jpg,31.26212697,34.80303794
20251222_095419.jpg,31.26212697,34.80303794
20251222_095428.jpg,31.26212926,34.80312109
20251222_095430.jpg,31.26212926,34.80312109
20251222_095431.jpg,31.26212926,34.80312109
20251222_095432.jpg,31.26212926,34.80312109
20251222_095434.jpg,31.26212926,34.80312109
20251222_095435.jpg,31.26212926,34.80312109
20251222_095436.jpg,31.26212926,34.80312109
20251222_095446.jpg,31.26213385,34.80318278
20251222_095448.jpg,31.26213385,34.80318278
20251222_095449.jpg,31.26213385,34.80318278
20251222_095450.jpg,31.26213385,34.80318278
20251222_095501.jpg,31.26213385,34.80318278
20251222_095503.jpg,31.26213385,34.80318278
20251222_095504.jpg,31.26213385,34.80318278
20251222_095505.jpg,31.26213385,34.80318278
20251222_095518.jpg,31.26212926,34.80327129
20251222_095520.jpg,31.26212926,34.80327129
20251222_095521.jpg,31.26212926,34.80327129
20251222_095522.jpg,31.26212926,34.80327129
20251222_095524.jpg,31.26212926,34.80327129
20251222_095525.jpg,31.26212926,34.80327129
20251222_095529.jpg,31.26212926,34.80327129
20251222_095531.jpg,31.26212926,34.80327129
20251222_095545.jpg,31.26212926,34.80336249
20251222_095546.jpg,31.26212926,34.80336249
20251222_095547.jpg,31.26212926,34.80336249
20251222_095548.jpg,31.26212926,34.80336249
20251222_095549.jpg,31.26212926,34.80336249
20251222_095550.jpg,31.26212926,34.80336249
20251222_095551.jpg,31.26212926,34.80336249
20251222_095600.jpg,31.26212926,34.80344564
20251222_095601.jpg,31.26212926,34.80344564
20251222_095602.jpg,31.26212926,34.80344564
20251222_095606.jpg,31.26212926,34.80344564
20251222_095607.jpg,31.26212926,34.80344564
20251222_095608.jpg,31.26212926,34.80344564
20251222_095609.jpg,31.26212926,34.80344564
20251222_095620.jpg,31.26212926,34.80354756
20251222_095621.jpg,31.26212926,34.80354756
20251222_095625.jpg,31.26212926,34.80354756
20251222_095628.jpg,31.26212926,34.80354756
20251222_095630.jpg,31.26212926,34.80354756
20251222_095631.jpg,31.26212926,34.80354756
20251222_095633.jpg,31.26212926,34.80354756
20251222_095647.jpg,31.26213385,34.80369776
20251222_095649.jpg,31.26213385,34.80369776
20251222_095650.jpg,31.26213385,34.80369776
20251222_095651.jpg,31.26213385,34.80369776
20251222_095652.jpg,31.26213385,34.80369776
20251222_095654.jpg,31.26213385,34.80369776
20251222_095655.jpg,31.26213385,34.80369776
20251222_095656.jpg,31.26213385,34.80369776
20251222_095708.jpg,31.26213385,34.80385333
20251222_095709.jpg,31.26213385,34.80385333
20251222_095710.jpg,31.26213385,34.80385333
20251222_095711.jpg,31.26213385,34.80385333
20251222_095713.jpg,31.26213385,34.80385333
20251222_095714.jpg,31.26213385,34.80385333
20251222_095716.jpg,31.26213385,34.80385333
20251222_095717.jpg,31.26213385,34.80385333
20251222_095730(0).jpg,31.26213844,34.8039794
20251222_095730.jpg,31.26213844,34.8039794
20251222_095732.jpg,31.26213844,34.8039794
20251222_095746.jpg,31.26213844,34.8039794
20251222_095747.jpg,31.26213844,34.8039794
20251222_095749.jpg,31.26213844,34.8039794
20251222_095750.jpg,31.26213844,34.8039794
20251222_095751.jpg,31.26213844,34.8039794
20251222_095755.jpg,31.26213844,34.8039794
20251222_120353.jpg,31.2619917,34.8043415
20251222_120354.jpg,31.2619917,34.8043415
20251222_120355.jpg,31.2619917,34.8043415
20251222_120356.jpg,31.2619917,34.8043415
20251222_120409.jpg,31.26207424,34.80438977
20251222_120410.jpg,31.26207424,34.80438977
20251222_120411.jpg,31.26207424,34.80438977
20251222_120412.jpg,31.26207424,34.80438977
20251222_120413.jpg,31.26207424,34.80438977
20251222_120414.jpg,31.26207424,34.80438977
20251222_120415.jpg,31.26207424,34.80438977
20251222_120416.jpg,31.26207424,34.80438977
20251222_120425.jpg,31.26212926,34.80443001
20251222_120426.jpg,31.26212926,34.80443001
20251222_120427.jpg,31.26212926,34.80443001
20251222_120428.jpg,31.26212926,34.80443001
20251222_120439.jpg,31.26222097,34.80445951
20251222_120441.jpg,31.26222097,34.80445951
20251222_120443.jpg,31.26222097,34.80445951
20251222_120444.jpg,31.26222097,34.80445951
20251222_120445.jpg,31.26222097,34.80445951
20251222_120446.jpg,31.26222097,34.80445951
20251222_120502.jpg,31.26215219,34.80434954
20251222_120503.jpg,31.26215219,34.80434954
20251222_120504.jpg,31.26215219,34.80434954
20251222_120505.jpg,31.26215219,34.80434954
20251222_120506.jpg,31.26215219,34.80434954
20251222_120507.jpg,31.26215219,34.80434954
20251222_120508.jpg,31.26213844,34.80416447
20251222_120522.jpg,31.26213844,34.80416447
20251222_120523.jpg,31.26213844,34.80416447
20251222_120524.jpg,31.26213844,34.80416447
20251222_120526.jpg,31.26213844,34.80416447
20251222_120527.jpg,31.26213844,34.80416447
20251222_120529.jpg,31.26213844,34.80416447
20251222_120530.jpg,31.26213844,34.80416447
20251222_180448.jpg,31.26223015,34.80446488
20251222_180450.jpg,31.26223015,34.80446488
20251222_180451.jpg,31.26223015,34.80446488
20251222_180453.jpg,31.26223015,34.80446488
20251222_180456.jpg,31.26223015,34.80446488
20251222_180500.jpg,31.26223015,34.80446488
20251222_180502.jpg,31.26223015,34.80446488
20251222_180519.jpg,31.26213385,34.80437905
20251222_180522.jpg,31.26213385,34.80437905
20251222_180527.jpg,31.26213385,34.80437905
20251222_180532.jpg,31.26213385,34.80437905
20251222_180534.jpg,31.26213385,34.80437905
20251222_180536.jpg,31.26213385,34.80437905
20251222_180545.jpg,31.26214531,34.80428249
20251222_180548.jpg,31.26214531,34.80428249
20251222_180549.jpg,31.26214531,34.80428249
20251222_180551.jpg,31.26214531,34.80428249
20251222_180558.jpg,31.26214531,34.80428249
20251222_180609.jpg,31.26214302,34.80416179
20251222_180610.jpg,31.26214302,34.80416179
20251222_180612.jpg,31.26214302,34.80416179
20251222_180614.jpg,31.26214302,34.80416179
20251222_180615.jpg,31.26214302,34.80416179
20251222_180617.jpg,31.26214302,34.80416179
20251222_180633.jpg,31.26214761,34.80409741
20251222_180634.jpg,31.26214761,34.80409741
20251222_180636.jpg,31.26214761,34.80409741
20251222_180638.jpg,31.26214761,34.80409741
20251222_180640.jpg,31.26214761,34.80409741
20251222_180642.jpg,31.26214761,34.80409741
20251222_180644.jpg,31.26214761,34.80409741
20251222_180656.jpg,31.26212926,34.8039794
20251222_180700.jpg,31.26212926,34.8039794
20251222_180702.jpg,31.26212926,34.8039794
20251222_180705.jpg,31.26212926,34.8039794
20251222_180707.jpg,31.26212926,34.8039794
20251222_180709.jpg,31.26212926,34.8039794
20251222_180713.jpg,31.26212926,34.8039794
20251222_180801.jpg,31.26213385,34.80389893
20251222_180804.jpg,31.26213385,34.80389893
20251222_180812.jpg,31.26213385,34.80389893
20251222_180824.jpg,31.26213385,34.80389893
20251222_180825.jpg,31.26213385,34.80389893
20251222_180829.jpg,31.26213385,34.80389893
20251222_180842.jpg,31.26213156,34.80375677
20251222_180844.jpg,31.26213156,34.80375677
20251222_180846.jpg,31.26213156,34.80375677
20251222_180847.jpg,31.26213156,34.80375677
20251222_180848.jpg,31.26213156,34.80375677
20251222_180850.jpg,31.26213156,34.80375677
20251222_180851.jpg,31.26213156,34.80375677
20251222_180933.jpg,31.26212468,34.8036173
20251222_180935.jpg,31.26212468,34.8036173
20251222_180936.jpg,31.26212468,34.8036173
20251222_180938.jpg,31.26212468,34.8036173
20251222_180939.jpg,31.26212468,34.8036173
20251222_180940.jpg,31.26212468,34.8036173
20251222_180942.jpg,31.26212468,34.8036173
20251222_180955.jpg,31.26213156,34.80346709
20251222_180956.jpg,31.26213156,34.80346709
20251222_180957.jpg,31.26213156,34.80346709
20251222_180959.jpg,31.26213156,34.80346709
20251222_181001.jpg,31.26213156,34.80346709
20251222_181003.jpg,31.26213156,34.80346709
20251222_181004.jpg,31.26213156,34.80346709
20251222_181013.jpg,31.26213156,34.80338931
20251222_181014.jpg,31.26213156,34.80338931
20251222_181015.jpg,31.26213156,34.80338931
20251222_181016.jpg,31.26213156,34.80338931
20251222_181018.jpg,31.26213156,34.80338931
20251222_181019.jpg,31.26213156,34.80338931
20251222_181021.jpg,31.26213156,34.80338931
20251222_181022.jpg,31.26213156,34.80338931
20251222_181033.jpg,31.26212697,34.8032847
20251222_181035.jpg,31.26212697,34.8032847
20251222_181036.jpg,31.26212697,34.8032847
20251222_181037.jpg,31.26212697,34.8032847
20251222_181039.jpg,31.26212697,34.8032847
20251222_181040.jpg,31.26212697,34.8032847
20251222_181042.jpg,31.26212697,34.8032847
20251222_181114.jpg,31.26213156,34.80316401
20251222_181118.jpg,31.26213156,34.80316401
20251222_181119.jpg,31.26213156,34.80316401
20251222_181122.jpg,31.26213156,34.80316401
20251222_181124.jpg,31.26213156,34.80316401
20251222_181126.jpg,31.26213156,34.80316401
20251222_181137.jpg,31.26212468,34.80302721
20251222_181140.jpg,31.26212468,34.80302721
20251222_181142.jpg,31.26212468,34.80302721
20251222_181144.jpg,31.26212468,34.80302721
20251222_181145.jpg,31.26212468,34.80302721
20251222_181147.jpg,31.26212468,34.80302721
20251222_181148.jpg,31.26212468,34.80302721
20251222_181200.jpg,31.26212239,34.80288237
20251222_181201.jpg,31.26212239,34.80288237
20251222_181203.jpg,31.26212239,34.80288237
20251222_181205.jpg,31.26212239,34.80288237
20251222_181207.jpg,31.26212239,34.80288237
20251222_181209.jpg,31.26212239,34.80288237
20251222_181211.jpg,31.26212239,34.80288237
20251222_181215.jpg,31.26212239,34.80288237
20251222_181258.jpg,31.26212239,34.80271876
20251222_181259.jpg,31.26212239,34.80271876
20251222_181301.jpg,31.26212239,34.80271876
20251222_181303.jpg,31.26212239,34.80271876
20251222_181304.jpg,31.26212239,34.80271876
20251222_181307.jpg,31.26212239,34.80271876
20251222_181308.jpg,31.26212239,34.80271876
20251222_181320.jpg,31.26212239,34.80261952
20251222_181322.jpg,31.26212239,34.80261952
20251222_181323.jpg,31.26212239,34.80261952
20251222_181325.jpg,31.26212239,34.80261952
20251222_181327.jpg,31.26212239,34.80261952
20251222_181328.jpg,31.26212239,34.80261952
20251222_181330.jpg,31.26212239,34.80261952
20251222_181331.jpg,31.26212239,34.80261952
20251222_181332.jpg,31.26212239,34.80261952
20251222_181346(0).jpg,31.26211092,34.80255783
20251222_181346.jpg,31.26211092,34.80255783
20251222_181348.jpg,31.26211092,34.80255783
20251222_181349.jpg,31.26211092,34.80255783
20251222_181351.jpg,31.26211092,34.80255783
20251222_181353.jpg,31.26211092,34.80255783
20251222_181355.jpg,31.26211092,34.80255783
20251222_181357.jpg,31.26211092,34.80255783
20251222_181407.jpg,31.26208112,34.80247468
20251222_181409.jpg,31.26208112,34.80247468
20251222_181410.jpg,31.26208112,34.80247468
20251222_181412.jpg,31.26208112,34.80247468
20251222_181413.jpg,31.26208112,34.80247468
20251222_181415.jpg,31.26208112,34.80247468
20251222_181416.jpg,31.26208112,34.80247468
20251222_181428.jpg,31.26206965,34.8023808
20251222_181429.jpg,31.26206965,34.8023808
20251222_181431.jpg,31.26206965,34.8023808
20251222_181433.jpg,31.26206965,34.8023808
20251222_181434.jpg,31.26206965,34.8023808
20251222_181436.jpg,31.26206965,34.8023808
20251222_181440.jpg,31.26206965,34.8023808
20251222_181512.jpg,31.26203755,34.80227351
20251222_181514.jpg,31.26203755,34.80227351
20251222_181516.jpg,31.26203755,34.80227351
20251222_181520.jpg,31.26203755,34.80227351
20251222_181522.jpg,31.26203755,34.80227351
20251222_181523.jpg,31.26203755,34.80227351
20251222_181526.jpg,31.26203755,34.80227351
20251222_181533.jpg,31.26203755,34.80227351
20251222_181601.jpg,31.26197336,34.80213135
20251222_181602.jpg,31.26197336,34.80213135
20251222_181604.jpg,31.26197336,34.80213135
20251222_181606.jpg,31.26197336,34.80213135
20251222_181608.jpg,31.26197336,34.80213135
20251222_181609.jpg,31.26197336,34.80213135
20251222_181611.jpg,31.26197336,34.80213135
20251222_181628.jpg,31.26197106,34.80210453
20251222_181630.jpg,31.26197106,34.80210453
20251222_181632.jpg,31.26197106,34.80210453
20251222_181633.jpg,31.26197106,34.80210453
20251222_181635.jpg,31.26197106,34.80210453
20251222_181636.jpg,31.26197106,34.80210453
20251222_181637.jpg,31.26197106,34.80210453
20251222_181641.jpg,31.26197106,34.80210453
20251222_181700.jpg,31.26198253,34.80202943
20251222_181701.jpg,31.26198253,34.80202943
20251222_181703.jpg,31.26198253,34.80202943
20251222_181705.jpg,31.26198253,34.80202943
20251222_181706.jpg,31.26198253,34.80202943
20251222_181708.jpg,31.26198253,34.80202943
20251222_181709.jpg,31.26198253,34.80202943
20251222_181713.jpg,31.26198253,34.80202943
20251222_181714.jpg,31.26198253,34.80202943
20251222_181725.jpg,31.26198253,34.80194628
20251222_181727.jpg,31.26198253,34.80194628
20251222_181729.jpg,31.26198253,34.80194628
20251222_181731.jpg,31.26198253,34.80194628
20251222_181732.jpg,31.26198253,34.80194628
20251222_181738.jpg,31.26198253,34.80194628
20251222_181742.jpg,31.26198253,34.80194628
20251222_181744.jpg,31.26198253,34.80194628
20251222_181756.jpg,31.26197794,34.80176657
20251222_181757.jpg,31.26197794,34.80176657
20251222_181759.jpg,31.26197794,34.80176657
20251222_181800.jpg,31.26197794,34.80176657
20251222_181802.jpg,31.26197794,34.80176657
20251222_181804.jpg,31.26197794,34.80176657
20251222_181805.jpg,31.26197794,34.80176657
20251222_181817.jpg,31.26198253,34.80151176
20251222_181819.jpg,31.26198253,34.80151176
20251222_181820.jpg,31.26198253,34.80151176
20251222_181823.jpg,31.26198253,34.80151176
20251222_181825.jpg,31.26198253,34.80151176
20251222_181827.jpg,31.26198253,34.80151176
20251222_181828.jpg,31.26198253,34.80151176
20251222_181830.jpg,31.26198253,34.80151176
20251222_181832.jpg,31.26198253,34.80151176
20251222_181847.jpg,31.26197565,34.80138034
20251222_181848.jpg,31.26197565,34.80138034
20251222_181850.jpg,31.26197565,34.80138034
20251222_181851.jpg,31.26197565,34.80138034
20251222_181853.jpg,31.26197565,34.80138034
20251222_181854.jpg,31.26197565,34.80138034
20251222_181856.jpg,31.26197565,34.80138034
20251222_181858.jpg,31.26197565,34.80138034
20251222_181859.jpg,31.26197565,34.80138034
20251222_181917.jpg,31.26197106,34.80118454
20251222_181918.jpg,31.26197106,34.80118454
20251222_181920.jpg,31.26197106,34.80118454
20251222_181926.jpg,31.26197106,34.80118454
20251222_181927.jpg,31.26197106,34.80118454
20251222_181932(0).jpg,31.26197106,34.80118454
20251222_181932.jpg,31.26197106,34.80118454
20251222_181935.jpg,31.26197106,34.80118454
20251222_181950.jpg,31.26187477,34.80114162
20251222_181952.jpg,31.26187477,34.80114162
20251222_181954.jpg,31.26187477,34.80114162
20251222_181956.jpg,31.26192292,34.80125964
20251222_181958.jpg,31.26192292,34.80125964
20251222_181959.jpg,31.26192292,34.80125964
20251222_182013.jpg,31.26192292,34.80125964
20251222_182015.jpg,31.26192292,34.80125964
20251222_182018.jpg,31.26192292,34.80125964
20251222_182020.jpg,31.26192292,34.80125964
20251222_182021.jpg,31.26192292,34.80125964
20251222_182023.jpg,31.26192292,34.80125964
20251222_182038.jpg,31.26194584,34.80138034
20251222_182040.jpg,31.26194584,34.80138034
20251222_182041.jpg,31.26194584,34.80138034
20251222_182043.jpg,31.26194584,34.80138034
20251222_182044.jpg,31.26194584,34.80138034
20251222_182046.jpg,31.26194584,34.80138034
20251222_182047.jpg,31.26194584,34.80138034
20251222_182059.jpg,31.26195043,34.80150372
20251222_182102.jpg,31.26195043,34.80150372
20251222_182103.jpg,31.26195043,34.80150372
20251222_182106.jpg,31.26195043,34.80150372
20251222_182108.jpg,31.26195043,34.80150372
20251222_182109.jpg,31.26195043,34.80150372
20251222_182113.jpg,31.26195043,34.80150372
20251222_182115.jpg,31.26195043,34.80150372
20251222_182126.jpg,31.26194814,34.80164319
20251222_182128.jpg,31.26194814,34.80164319
20251222_182129.jpg,31.26194814,34.80164319
20251222_182131.jpg,31.26194814,34.80164319
20251222_182133.jpg,31.26194814,34.80164319
20251222_182134.jpg,31.26194814,34.80164319
20251222_182136.jpg,31.26194814,34.80164319
20251222_182138.jpg,31.26194814,34.80164319
20251222_182148.jpg,31.26194355,34.80194628
20251222_182151.jpg,31.26194355,34.80194628
20251222_182154.jpg,31.26194355,34.80194628
20251222_182156.jpg,31.26194355,34.80194628
20251222_182157.jpg,31.26194355,34.80194628
20251222_182159.jpg,31.26194355,34.80194628
20251222_182201.jpg,31.26194355,34.80194628
20251222_182203.jpg,31.26194355,34.80194628
20251222_182205.jpg,31.26194355,34.80194628
20251222_182216.jpg,31.26194584,34.80213672
20251222_182218.jpg,31.26194584,34.80213672
20251222_182219.jpg,31.26194584,34.80213672
20251222_182221.jpg,31.26194584,34.80213672
20251222_182223.jpg,31.26194584,34.80213672
20251222_182224.jpg,31.26194584,34.80213672
20251222_182226.jpg,31.26194584,34.80213672
20251222_182245.jpg,31.26194584,34.80221719
20251222_182246.jpg,31.26194584,34.80221719
20251222_182257.jpg,31.26194584,34.80221719
20251222_182259.jpg,31.26194584,34.80221719
20251222_182301.jpg,31.26194584,34.80221719
20251222_182304.jpg,31.26194584,34.80221719
20251222_182306.jpg,31.26194584,34.80221719
20251222_182307.jpg,31.26194584,34.80221719
20251222_182309.jpg,31.26194584,34.80221719
20251222_182321.jpg,31.26195043,34.80235398
20251222_182322.jpg,31.26195043,34.80235398
20251222_182323.jpg,31.26195043,34.80235398
20251222_182325.jpg,31.26195043,34.80235398
20251222_182326.jpg,31.26195043,34.80235398
20251222_182328.jpg,31.26195043,34.80235398
20251222_182329.jpg,31.26195043,34.80235398
20251222_182331.jpg,31.26195043,34.80235398
20251222_182343.jpg,31.26185413,34.802472
20251222_182345.jpg,31.26185413,34.802472
20251222_182347.jpg,31.26185413,34.802472
20251222_182348.jpg,31.26185413,34.802472
20251222_182350.jpg,31.26185413,34.802472
20251222_182354.jpg,31.26185413,34.802472
20251222_182355.jpg,31.26185413,34.802472
20251222_182357.jpg,31.26185413,34.802472
20251222_182420.jpg,31.26176242,34.80262756
20251222_182421.jpg,31.26176242,34.80262756
20251222_182425.jpg,31.26176242,34.80262756
20251222_182427.jpg,31.26176242,34.80262756
20251222_182428.jpg,31.26176242,34.80262756
20251222_182443.jpg,31.26176242,34.80262756
20251222_182450.jpg,31.26176242,34.80262756
20251222_182507.jpg,31.2617693,34.80273485
20251222_182509.jpg,31.2617693,34.80273485
20251222_182510.jpg,31.2617693,34.80273485
20251222_182512.jpg,31.2617693,34.80273485
20251222_182514.jpg,31.2617693,34.80273485
20251222_182525.jpg,31.2617693,34.80273485
20251222_182528.jpg,31.2617693,34.80273485
20251222_182530.jpg,31.2617693,34.80273485
20251222_182531.jpg,31.2617693,34.80273485
20251222_182544.jpg,31.2617693,34.80283141
20251222_182546.jpg,31.2617693,34.80283141
20251222_182547.jpg,31.2617693,34.80283141
20251222_182549.jpg,31.2617693,34.80283141
20251222_182551.jpg,31.2617693,34.80283141
20251222_182553.jpg,31.2617693,34.80283141
20251222_182605.jpg,31.2617693,34.80283141
20251222_182607.jpg,31.2617693,34.80283141
20251222_182619.jpg,31.26176242,34.80300575
20251222_182620.jpg,31.26176242,34.80300575
20251222_182622.jpg,31.26176242,34.80300575
20251222_182624.jpg,31.26176242,34.80300575
20251222_182626.jpg,31.26176242,34.80300575
20251222_182627.jpg,31.26176242,34.80300575
20251222_182630.jpg,31.26176242,34.80300575
20251222_182631.jpg,31.26176242,34.80300575
20251222_182633.jpg,31.26176242,34.80300575
20251222_182645.jpg,31.26175096,34.80316401
20251222_182647.jpg,31.26175096,34.80316401
20251222_182648.jpg,31.26175096,34.80316401
20251222_182650.jpg,31.26175096,34.80316401
20251222_182652.jpg,31.26175096,34.80316401
20251222_182654.jpg,31.26175096,34.80316401
20251222_182710.jpg,31.26175325,34.80329007
20251222_182712.jpg,31.26175325,34.80329007
20251222_182715.jpg,31.26175325,34.80329007
20251222_182716.jpg,31.26175325,34.80329007
20251222_182717.jpg,31.26175325,34.80329007
20251222_182719.jpg,31.26175325,34.80329007
20251222_182721.jpg,31.26175325,34.80329007
20251222_182733.jpg,31.26175325,34.80342954
20251222_182735.jpg,31.26175325,34.80342954
20251222_182737.jpg,31.26175325,34.80342954
20251222_182738.jpg,31.26175325,34.80342954
20251222_182740.jpg,31.26175325,34.80342954
20251222_182742.jpg,31.26175325,34.80342954
20251222_182743.jpg,31.26175325,34.80342954
20251222_182745.jpg,31.26175325,34.80342954
20251222_182747.jpg,31.26175325,34.80342954
20251222_182801.jpg,31.26175554,34.80360389
20251222_182802.jpg,31.26175554,34.80360389
20251222_182804.jpg,31.26175554,34.80360389
20251222_182806.jpg,31.26175554,34.80360389
20251222_182808.jpg,31.26175554,34.80360389
20251222_182810.jpg,31.26175554,34.80360389
20251222_182811.jpg,31.26175554,34.80360389
20251222_182813.jpg,31.26175554,34.80360389
20251222_182815.jpg,31.26175554,34.80360389
20251222_182817.jpg,31.26175554,34.80360389
20251222_182839.jpg,31.26173949,34.8038131
20251222_182842.jpg,31.26173949,34.8038131
20251222_182844.jpg,31.26173949,34.8038131
20251222_182847.jpg,31.26173949,34.8038131
20251222_182848.jpg,31.26173949,34.8038131
20251222_182850.jpg,31.26173949,34.8038131
20251222_182859.jpg,31.26173949,34.8038131
20251222_182901.jpg,31.26173949,34.8038131
20251222_182903.jpg,31.26174408,34.80391502
20251222_182905.jpg,31.26174408,34.80391502
20251222_182906.jpg,31.26174408,34.80391502
20251222_182908.jpg,31.26174408,34.80391502
20251222_182911.jpg,31.26174408,34.80391502
20251222_182914.jpg,31.26174408,34.80391502
20251222_182928.jpg,31.26174867,34.80399013
20251222_182929.jpg,31.26174867,34.80399013
20251222_182931.jpg,31.26174867,34.80399013
20251222_182932.jpg,31.26174867,34.80399013
20251222_182934.jpg,31.26174867,34.80399013
20251222_182935.jpg,31.26174867,34.80399013
20251222_182937.jpg,31.26174867,34.80399013
20251222_182938.jpg,31.26174867,34.80399013
20251222_182939.jpg,31.26174867,34.80399013
20251222_182952.jpg,31.26175554,34.80405986
20251222_182954.jpg,31.26175554,34.80405986
20251222_182955.jpg,31.26175554,34.80405986
20251222_182957.jpg,31.26175554,34.80405986
20251222_182958.jpg,31.26175554,34.80405986
20251222_182959.jpg,31.26175554,34.80405986
20251222_183005.jpg,31.26175554,34.80405986
20251222_183006.jpg,31.26175554,34.80405986
20251222_183008.jpg,31.26175554,34.80405986
20251222_183016.jpg,31.26181516,34.80403036
20251222_183018.jpg,31.26181516,34.80403036
20251222_183019.jpg,31.26181516,34.80403036
20251222_183021.jpg,31.26181516,34.80403036
20251222_183034.jpg,31.26193438,34.80402768
20251222_183036.jpg,31.26193438,34.80402768
20251222_183038.jpg,31.26193438,34.80402768
20251222_183039.jpg,31.26193438,34.80402768
20251222_183041.jpg,31.26193438,34.80402768
20251222_183042.jpg,31.26193438,34.80402768
20251222_183043.jpg,31.26193438,34.80402768
20251222_183045.jpg,31.26193438,34.80402768
20251222_183047.jpg,31.26193438,34.80402768
20251222_183049.jpg,31.26193438,34.80402768
20251222_183112.jpg,31.26181057,34.80414033
20251222_183113.jpg,31.26181057,34.80414033
20251222_183115.jpg,31.26181057,34.80414033
20251222_183117.jpg,31.26181057,34.80414033
20251222_183118.jpg,31.26181057,34.80414033
20251222_183120.jpg,31.26181057,34.80414033
20251222_183121.jpg,31.26181057,34.80414033
20251222_183123.jpg,31.26181057,34.80414033
20251222_183125.jpg,31.26181057,34.80414033
20251222_183137.jpg,31.26179223,34.80425835
20251222_183138.jpg,31.26179223,34.80425835
20251222_183140.jpg,31.26179223,34.80425835
20251222_183141.jpg,31.26179223,34.80425835
20251222_183156.jpg,31.26179223,34.80425835
20251222_183157.jpg,31.26179223,34.80425835
20251222_183201.jpg,31.26179223,34.80425835
20251222_183204.jpg,31.26179223,34.80425835
20251222_183321.jpg,31.26184496,34.80359584
20251222_183322.jpg,31.26184496,34.80359584
20251222_183324.jpg,31.26184496,34.80359584
20251222_183325.jpg,31.26184496,34.80359584
20251222_183326.jpg,31.26184496,34.80359584
20251222_183340.jpg,31.26193667,34.80359584
20251222_183341.jpg,31.26193667,34.80359584
20251222_183343.jpg,31.26193667,34.80359584
20251222_183346.jpg,31.26193667,34.80359584
20251222_183347.jpg,31.26193667,34.80359584
20251222_183437.jpg,31.26193667,34.80329275
20251222_183438.jpg,31.26193667,34.80329275
20251222_183440.jpg,31.26193667,34.80329275
20251222_183442.jpg,31.26193667,34.80329275
20251222_183446.jpg,31.26193438,34.80329543
20251222_183449.jpg,31.26193897,34.8033008
20251222_183531.jpg,31.26204214,34.80303258
20251222_183532.jpg,31.26204214,34.80303258
20251222_183534.jpg,31.26204214,34.80303258
20251222_183535.jpg,31.26204214,34.80303258
20251222_183537.jpg,31.26204214,34.80303258
20251222_183539(0).jpg,31.26204214,34.80303258
20251222_183539.jpg,31.26204214,34.80303258
20251222_183541.jpg,31.26204214,34.80303258
20251222_183542.jpg,31.26204214,34.80303258
20251222_183554.jpg,31.26187706,34.80303526
20251222_183555.jpg,31.26187706,34.80303526
20251222_183557.jpg,31.26187706,34.80303526
20251222_183558.jpg,31.26187706,34.80303526
20251222_183559.jpg,31.26187706,34.80303526
20251222_183602.jpg,31.26187706,34.80303526
20251222_183604.jpg,31.26187706,34.80303526
20251222_183605.jpg,31.26187706,34.80303526
20251222_183607.jpg,31.26187706,34.80303526
20251222_183609.jpg,31.26187706,34.80303526
20251223_084720.jpg,31.26187935,34.80114162
20251223_084721.jpg,31.26187935,34.80114162
20251223_084723.jpg,31.26187935,34.80114162
20251223_084724.jpg,31.26187935,34.80114162
20251223_084725.jpg,31.26187935,34.80114162
20251223_084727.jpg,31.26187935,34.80114162
20251223_084728.jpg,31.26187935,34.80114162
20251223_084739.jpg,31.26192521,34.80125964
20251223_084740.jpg,31.26192521,34.80125964
20251223_084742.jpg,31.26192521,34.80125964
20251223_084744.jpg,31.26192521,34.80125964
20251223_084745.jpg,31.26192521,34.80125964
20251223_084746.jpg,31.26192521,34.80125964
20251223_084748.jpg,31.26192521,34.80125964
20251223_084801.jpg,31.26195272,34.80138034
20251223_084803.jpg,31.26195272,34.80138034
20251223_084804.jpg,31.26195272,34.80138034
20251223_084807.jpg,31.26195272,34.80138034
20251223_084808.jpg,31.26195272,34.80138034
20251223_084810.jpg,31.26195272,34.80138034
20251223_084821.jpg,31.26194814,34.80163246
20251223_084822.jpg,31.26194814,34.80163246
20251223_084823.jpg,31.26194814,34.80163246
20251223_084826.jpg,31.26194814,34.80163246
20251223_084827.jpg,31.26194814,34.80163246
20251223_084829.jpg,31.26194814,34.80163246
20251223_084834.jpg,31.26194814,34.80163246
20251223_084835.jpg,31.26194814,34.80163246
20251223_084848.jpg,31.26194126,34.8019436
20251223_084849.jpg,31.26194126,34.8019436
20251223_084852.jpg,31.26194126,34.8019436
20251223_084853.jpg,31.26194126,34.8019436
20251223_084854.jpg,31.26194126,34.8019436
20251223_084857.jpg,31.26194126,34.8019436
20251223_084908.jpg,31.26194355,34.80208308
20251223_084910.jpg,31.26194355,34.80208308
20251223_084911.jpg,31.26194355,34.80208308
20251223_084912.jpg,31.26194355,34.80208308
20251223_084914.jpg,31.26194355,34.80208308
20251223_084916.jpg,31.26194355,34.80208308
20251223_084919.jpg,31.26194355,34.80208308
20251223_084939.jpg,31.26194355,34.80208308
20251223_084953.jpg,31.26194355,34.80208308
20251223_084954.jpg,31.26194355,34.80208308
20251223_084956.jpg,31.26180797,34.80195597
20251223_084958.jpg,31.26180797,34.80195597
20251223_084959.jpg,31.26192521,34.80214477
20251223_085001.jpg,31.26192521,34.80214477
20251223_085003.jpg,31.26192521,34.80214477
20251223_085004.jpg,31.26192521,34.80214477
20251223_085014.jpg,31.26192521,34.8022145
20251223_085015.jpg,31.26192521,34.8022145
20251223_085016.jpg,31.26192521,34.8022145
20251223_085018.jpg,31.26192521,34.8022145
20251223_085019.jpg,31.26192521,34.8022145
20251223_085021.jpg,31.26192521,34.8022145
20251223_085025.jpg,31.26192521,34.8022145
20251223_085029.jpg,31.26192521,34.8022145
20251223_085041.jpg,31.26192521,34.80233252
20251223_085043.jpg,31.26192521,34.80233252
20251223_085045.jpg,31.26192521,34.80233252
20251223_085047.jpg,31.26192521,34.80233252
20251223_085048.jpg,31.26192521,34.80233252
20251223_085100.jpg,31.26185184,34.80247468
20251223_085102.jpg,31.26185184,34.80247468
20251223_085104.jpg,31.26185184,34.80247468
20251223_085107.jpg,31.26185184,34.80247468
20251223_085109.jpg,31.26185184,34.80247468
20251223_085110.jpg,31.26185184,34.80247468
20251223_085127.jpg,31.26185184,34.80247468
20251223_085145.jpg,31.26176242,34.80263025
20251223_085146.jpg,31.26176242,34.80263025
20251223_085148.jpg,31.26176242,34.80263025
20251223_085155.jpg,31.26176242,34.80263025
20251223_085157.jpg,31.26176242,34.80263025
20251223_085159.jpg,31.26176242,34.80263025
20251223_085201.jpg,31.26176242,34.80263025
20251223_085211.jpg,31.26176472,34.80274022
20251223_085212.jpg,31.26176472,34.80274022
20251223_085213.jpg,31.26176472,34.80274022
20251223_085215.jpg,31.26176472,34.80274022
20251223_085216.jpg,31.26176472,34.80274022
20251223_085217.jpg,31.26176472,34.80274022
20251223_085218.jpg,31.26176472,34.80274022
20251223_085256.jpg,31.26176472,34.80294138
20251223_085257.jpg,31.26176472,34.80294138
20251223_085259.jpg,31.26176472,34.80294138
20251223_085301.jpg,31.26176472,34.80294138
20251223_085302.jpg,31.26176472,34.80294138
20251223_085307.jpg,31.26176472,34.80294138
20251223_085309(0).jpg,31.26176472,34.80294138
20251223_085309.jpg,31.26176472,34.80294138
20251223_085310.jpg,31.26176472,34.80294138
20251223_085325.jpg,31.26175096,34.80316132
20251223_085327.jpg,31.26175096,34.80316132
20251223_085329.jpg,31.26175096,34.80316132
20251223_085331.jpg,31.26175096,34.80316132
20251223_085334.jpg,31.26175096,34.80316132
20251223_085337.jpg,31.26175096,34.80316132
20251223_085358.jpg,31.26175096,34.80329007
20251223_085359.jpg,31.26175096,34.80329007
20251223_085400.jpg,31.26175096,34.80329007
20251223_085402.jpg,31.26175096,34.80329007
20251223_085403.jpg,31.26175096,34.80329007
20251223_085407.jpg,31.26175096,34.80329007
20251223_085415.jpg,31.26175096,34.80329007
20251223_085418.jpg,31.26175096,34.80329007
20251223_085431.jpg,31.26174867,34.80330616
20251223_085432.jpg,31.26174867,34.80330616
20251223_085435.jpg,31.26174867,34.80330616
20251223_085436.jpg,31.26174867,34.80330616
20251223_085438.jpg,31.26174867,34.80330616
20251223_085439.jpg,31.26174867,34.80330616
20251223_085440.jpg,31.26174867,34.80330616
20251223_085452.jpg,31.26175096,34.80347246
20251223_085453.jpg,31.26175096,34.80347246
20251223_085455.jpg,31.26175096,34.80347246
20251223_085458.jpg,31.26175096,34.80347246
20251223_085459.jpg,31.26175096,34.80347246
20251223_085508.jpg,31.26175096,34.80347246
20251223_085512.jpg,31.26173949,34.80381578
20251223_085530.jpg,31.26173949,34.80381578
20251223_085540.jpg,31.26173949,34.80381578
20251223_085546.jpg,31.26173949,34.80381578
20251223_085554.jpg,31.26173949,34.80381578
20251223_085605.jpg,31.26173949,34.80381578
20251223_085612.jpg,31.26173949,34.80381578
20251223_085625.jpg,31.26174408,34.80394185
20251223_085626.jpg,31.26174408,34.80394185
20251223_085629.jpg,31.26174408,34.80394185
20251223_085630.jpg,31.26174408,34.80394185
20251223_085631.jpg,31.26174408,34.80394185
20251223_085633.jpg,31.26174408,34.80394185
20251223_085638.jpg,31.26174408,34.80394185
20251223_085721.jpg,31.26174408,34.80394185
20251223_085723.jpg,31.26174408,34.80394185
20251223_085724.jpg,31.26174408,34.80394185
20251223_085742.jpg,31.26177618,34.80410546
20251223_085744.jpg,31.26177618,34.80410546
20251223_085745.jpg,31.26177618,34.80410546
20251223_085747.jpg,31.26177618,34.80410546
20251223_085748.jpg,31.26177618,34.80410546
20251223_085750.jpg,31.26177618,34.80410546
20251223_085753.jpg,31.26177618,34.80410546
20251223_085754.jpg,31.26177618,34.80410546
20251223_085810.jpg,31.26178994,34.80418324
20251223_085811.jpg,31.26178994,34.80418324
20251223_085812.jpg,31.26178994,34.80418324
20251223_085814.jpg,31.26178994,34.80418324
20251223_085816.jpg,31.26178994,34.80418324
20251223_085830.jpg,31.26177847,34.80430394
20251223_085831.jpg,31.26177847,34.80430394
20251223_085832.jpg,31.26177847,34.80430394
20251223_085834.jpg,31.26177847,34.80430394
20251223_085835.jpg,31.26177847,34.80430394
20251223_085838.jpg,31.26177847,34.80430394
20251223_085842.jpg,31.26177847,34.80430394
20251223_085845.jpg,31.26177847,34.80430394
IMG20251224101534.jpg,31.26219346,34.80129451
IMG20251224102117.jpg,31.26219575,34.80129451
IMG20251224103530.jpg,31.26184722,34.80121111
IMG20251224103532.jpg,31.26172574,34.8012194
IMG20251224103534.jpg,31.26172574,34.8012194
IMG20251224103536.jpg,31.26172574,34.8012194
IMG20251224103538.jpg,31.26172574,34.8012194
IMG20251224103540.jpg,31.26172574,34.8012194
IMG20251224103543.jpg,31.26173491,34.80121404
IMG20251224103546.jpg,31.26173491,34.80121404
IMG20251224103601.jpg,31.26184722,34.80121111
IMG20251224103602.jpg,31.26184722,34.80121111
IMG20251224103604.jpg,31.26184722,34.80121111
IMG20251224103606.jpg,31.26184722,34.80121111
IMG20251224103609.jpg,31.26184722,34.80121111
IMG20251224103613.jpg,31.26184722,34.80121111
IMG20251224103638.jpg,31.26195278,34.801125
IMG20251224103639.jpg,31.26195278,34.801125
IMG20251224103642.jpg,31.26195278,34.801125
IMG20251224103645.jpg,31.26195278,34.801125
IMG20251224103647.jpg,31.26202838,34.80109334
IMG20251224103650.jpg,31.26203068,34.80108798
IMG20251224103652.jpg,31.26203068,34.80107993
IMG20251224103655.jpg,31.26203297,34.80108529
IMG20251224103657.jpg,31.26195278,34.801125
IMG20251224103722.jpg,31.26203985,34.80108529
IMG20251224103723.jpg,31.262025,34.80109167
IMG20251224103725.jpg,31.262025,34.80109167
IMG20251224103727.jpg,31.262025,34.80109167
IMG20251224103729.jpg,31.262025,34.80109167
IMG20251224103731.jpg,31.262025,34.80109167
IMG20251224103733.jpg,31.2621499,34.80105042
IMG20251224103735.jpg,31.26214531,34.80104774
IMG20251224103738.jpg,31.26213614,34.80105042
IMG20251224103741.jpg,31.26214073,34.80103433
IMG20251224103801.jpg,31.26220034,34.80140716
IMG20251224103803.jpg,31.26209717,34.80137497
IMG20251224103805.jpg,31.26210404,34.80137765
IMG20251224103808.jpg,31.26226224,34.80145276
IMG20251224103811.jpg,31.26220034,34.8011604
IMG20251224103813.jpg,31.26219117,34.80115235
IMG20251224103957.jpg,31.26225833,34.801325
IMG20251224103959.jpg,31.26225833,34.801325
IMG20251224104001.jpg,31.26225833,34.801325
IMG20251224104004.jpg,31.26225833,34.801325
IMG20251224104007.jpg,31.26225833,34.801325
IMG20251224104010.jpg,31.26225833,34.801325
IMG20251224104013.jpg,31.26225833,34.801325
IMG20251224104015.jpg,31.26225833,34.801325
IMG20251224104017.jpg,31.26225833,34.801325
IMG20251224104038.jpg,31.26225833,34.801325
IMG20251224104040.jpg,31.26228333,34.801325
IMG20251224104043.jpg,31.26228333,34.801325
IMG20251224104045.jpg,31.26228333,34.801325
IMG20251224104047.jpg,31.26228333,34.801325
IMG20251224104050.jpg,31.26220493,34.80141789
IMG20251224104052.jpg,31.26222785,34.80150372
IMG20251224104111.jpg,31.26223244,34.80150372
IMG20251224104114.jpg,31.26223932,34.80151445
IMG20251224104119.jpg,31.26224161,34.80151981
IMG20251224104142.jpg,31.2618977,34.80140179
IMG20251224104144.jpg,31.26191145,34.80139643
IMG20251224104147.jpg,31.26186101,34.80142057
IMG20251224104149.jpg,31.2618954,34.80140716
IMG20251224104152.jpg,31.26198333,34.8014
IMG20251224104158.jpg,31.26198333,34.8014
IMG20251224104200.jpg,31.26198333,34.8014
IMG20251224104216.jpg,31.26187248,34.80140179
IMG20251224104218.jpg,31.26185643,34.8014313
IMG20251224104220.jpg,31.26185643,34.8014313
IMG20251224104222.jpg,31.26185643,34.8014313
IMG20251224104225.jpg,31.26185643,34.8014313
IMG20251224104227.jpg,31.26185643,34.80148494
IMG20251224104229.jpg,31.2618656,34.80148226
IMG20251224104249.jpg,31.2618656,34.80148226
IMG20251224104251.jpg,31.26186101,34.80144471
IMG20251224104255.jpg,31.26185643,34.80144471
IMG20251224104302.jpg,31.2618656,34.801552
IMG20251224104304.jpg,31.2618656,34.801552
IMG20251224104307.jpg,31.2618656,34.801552
IMG20251224104335.jpg,31.26188852,34.80181485
IMG20251224104337.jpg,31.26188852,34.80181485
IMG20251224104341.jpg,31.26188852,34.80181485
IMG20251224104343.jpg,31.26188852,34.80181485
IMG20251224104346.jpg,31.26188623,34.80181485
IMG20251224104348.jpg,31.26188623,34.80181754
IMG20251224104351.jpg,31.26192062,34.80189264
IMG20251224104413.jpg,31.26191833,34.80206162
IMG20251224104416.jpg,31.26191833,34.80208308
IMG20251224104420.jpg,31.26192062,34.80208576
IMG20251224104425.jpg,31.26191833,34.80208308
IMG20251224104427.jpg,31.26191145,34.80207771
IMG20251224104429.jpg,31.26191375,34.80207771
IMG20251224104431.jpg,31.26190916,34.80207503
IMG20251224104434.jpg,31.26191604,34.80206966
IMG20251224104437.jpg,31.26190228,34.80207503
IMG20251224104507.jpg,31.2618014,34.80206966
IMG20251224104510.jpg,31.2618014,34.80210185
IMG20251224104513.jpg,31.26179452,34.80208576
IMG20251224104516.jpg,31.26179681,34.80208039
IMG20251224104519.jpg,31.26177618,34.80208308
IMG20251224104522.jpg,31.26178306,34.80208576
IMG20251224104524.jpg,31.26178306,34.80208844
IMG20251224104558.jpg,31.26166383,34.80209112
IMG20251224104601.jpg,31.26166154,34.8020938
IMG20251224104603.jpg,31.26166383,34.80209112
IMG20251224104605.jpg,31.26165925,34.80209112
IMG20251224104607.jpg,31.26166154,34.80208576
IMG20251224104609.jpg,31.26166383,34.80208844
IMG20251224104612.jpg,31.26165925,34.80208576
IMG20251224104614.jpg,31.26165696,34.80196774
IMG20251224104617.jpg,31.26165237,34.80195969
IMG20251224104638.jpg,31.26166613,34.80195969
IMG20251224104640.jpg,31.26166613,34.80195969
IMG20251224104643.jpg,31.26166154,34.80189264
IMG20251224104645.jpg,31.26166154,34.80189264
IMG20251224104647.jpg,31.26166154,34.80189264
IMG20251224104649.jpg,31.26166154,34.80189264
IMG20251224104652.jpg,31.26166154,34.80189264
IMG20251224104711.jpg,31.26166154,34.80188996
IMG20251224104726.jpg,31.26167071,34.8017022
IMG20251224104732.jpg,31.26166383,34.80169684
IMG20251224104734.jpg,31.26167071,34.8017022
IMG20251224104737.jpg,31.26166613,34.80169415
IMG20251224104740.jpg,31.26166154,34.80164319
IMG20251224104759.jpg,31.26174179,34.80154663
IMG20251224104801.jpg,31.26173262,34.80154127
IMG20251224104803.jpg,31.26173949,34.80154127
IMG20251224104806.jpg,31.2617372,34.80154127
IMG20251224104808.jpg,31.2617372,34.80154127
IMG20251224104810.jpg,31.2617372,34.80154127
IMG20251224104824.jpg,31.26179452,34.80154395
IMG20251224104826.jpg,31.26178764,34.80154663
IMG20251224104830.jpg,31.26178535,34.80154395
IMG20251224104832.jpg,31.26177389,34.80153859
IMG20251224104837.jpg,31.26177389,34.80153859
IMG20251224104839.jpg,31.26178306,34.8015359
IMG20251224104842.jpg,31.26184267,34.80139643
IMG20251224104923.jpg,31.26186667,34.80157778
IMG20251224104925.jpg,31.26186667,34.80157778
IMG20251224104928.jpg,31.26186667,34.80157778
IMG20251224104930.jpg,31.26186667,34.80157778
IMG20251224104932.jpg,31.26186667,34.80157778
IMG20251224104935.jpg,31.26186667,34.80157778
IMG20251224104938.jpg,31.26186667,34.80157778
IMG20251224104944.jpg,31.26186667,34.80157778
IMG20251224105028.jpg,31.26184955,34.80137497
IMG20251224105030.jpg,31.26185413,34.80139375
IMG20251224105032.jpg,31.26185184,34.80136156
IMG20251224105037.jpg,31.26184955,34.80138034
IMG20251224105039.jpg,31.26185872,34.80136693
IMG20251224105042.jpg,31.26185872,34.80136424
IMG20251224105044.jpg,31.26184955,34.80136961
IMG20251224105047.jpg,31.26185872,34.80143398
IMG20251224121232.jpg,31.26191145,34.80236202
IMG20251224121234.jpg,31.26219575,34.80239421
IMG20251224121236.jpg,31.26219805,34.80239958
IMG20251224121257.jpg,31.2621499,34.80254978
IMG20251224121259.jpg,31.2621499,34.80254978
IMG20251224121302.jpg,31.2621499,34.80254978
IMG20251224121308.jpg,31.26214761,34.8025471
IMG20251224121326.jpg,31.26213844,34.80272681
IMG20251224121328.jpg,31.26215907,34.80265975
IMG20251224121330.jpg,31.26215678,34.80266243
IMG20251224121404.jpg,31.26215678,34.80300307
IMG20251224121407.jpg,31.26215448,34.80299234
IMG20251224121409.jpg,31.26215219,34.80299503
IMG20251224121411.jpg,31.26214761,34.8029843
IMG20251224121440.jpg,31.26213844,34.80329543
IMG20251224121442.jpg,31.26213385,34.80328739
IMG20251224121444.jpg,31.26213844,34.80329275
IMG20251224121446.jpg,31.26213156,34.8032847
IMG20251224121452.jpg,31.26213156,34.8032847
IMG20251224121513.jpg,31.26213844,34.80347514
IMG20251224121518.jpg,31.26214302,34.80346709
IMG20251224121520.jpg,31.26214302,34.80347514
IMG20251224121527.jpg,31.26214531,34.80346978
IMG20251224121558.jpg,31.26215448,34.8038882
IMG20251224121602.jpg,31.26216136,34.80388016
IMG20251224121604.jpg,31.26216595,34.80387747
IMG20251224121623.jpg,31.26217053,34.80398208
IMG20251224121626.jpg,31.26217053,34.80399549
IMG20251224121628.jpg,31.26215907,34.8039794
IMG20251224121635.jpg,31.26216366,34.80397671
IMG20251224121638.jpg,31.26216366,34.80397403
IMG20251224121743.jpg,31.26211551,34.80415106
IMG20251224121745.jpg,31.2621178,34.80415106
IMG20251224121747.jpg,31.26212009,34.80415642
IMG20251224121749.jpg,31.26212926,34.80415642
IMG20251224121751.jpg,31.26212009,34.80416179
IMG20251224121754.jpg,31.26212468,34.8041591
IMG20251224121756.jpg,31.26212009,34.80415642
IMG20251224121814.jpg,31.26211551,34.80442196
IMG20251224121816.jpg,31.26211551,34.80442464
IMG20251224121818.jpg,31.26211322,34.80443001
IMG20251224121821.jpg,31.26210863,34.80443269
IMG20251224121822.jpg,31.26209029,34.80443001
IMG20251224121825.jpg,31.26209029,34.80443001
IMG20251224121827.jpg,31.26209029,34.80443001
IMG20251224121830.jpg,31.26209029,34.80443001
IMG20251224121838.jpg,31.26215678,34.80443269
IMG20251225182727.jpg,31.26182203,34.80441391
IMG20251225182730.jpg,31.26189082,34.80441123
IMG20251225182732.jpg,31.26190457,34.80440319
IMG20251225182734.jpg,31.26174408,34.80442196
IMG20251225182737.jpg,31.26175325,34.80441391
IMG20251225182739.jpg,31.26176472,34.80441928
IMG20251225182742.jpg,31.26176013,34.80441928
IMG20251225182802.jpg,31.26186944,34.80441389
IMG20251225182804.jpg,31.26186944,34.80441389
IMG20251225182807.jpg,31.26186944,34.80441389
IMG20251225182809.jpg,31.26186944,34.80441389
IMG20251225182813.jpg,31.26186944,34.80441389
IMG20251225182815.jpg,31.26186944,34.80441389
IMG20251225182817.jpg,31.26186944,34.80441389
IMG20251225182820.jpg,31.26186944,34.80441389
IMG20251225182840(1).jpg,31.26186944,34.80441389
IMG20251225182840.jpg,31.26186944,34.80441389
IMG20251225182844(1).jpg,31.26207424,34.80443269
IMG20251225182844.jpg,31.26206277,34.8044166
IMG20251225182846.jpg,31.26212926,34.80443001
IMG20251225182849.jpg,31.26212926,34.80443001
IMG20251225182852.jpg,31.26200546,34.80440855
IMG20251225182859.jpg,31.26199858,34.80440855
IMG20251225182901.jpg,31.26200087,34.80440855
IMG20251225182904.jpg,31.26199858,34.8044166
IMG20251225182908.jpg,31.26199858,34.80441928
IMG20251225182910.jpg,31.26206048,34.8044166
IMG20251225182914.jpg,31.26204902,34.8044166
IMG20251225182936.jpg,31.26212009,34.80431199
IMG20251225182939.jpg,31.26212009,34.80431199
IMG20251225182942.jpg,31.26212697,34.80430931
IMG20251225182944.jpg,31.26213156,34.80416447
IMG20251225182947.jpg,31.26213156,34.80416447
IMG20251225182952.jpg,31.26212468,34.80416447
IMG20251225182954.jpg,31.26212009,34.80415106
IMG20251225182956.jpg,31.26212926,34.80430663
IMG20251225183026.jpg,31.26213156,34.80415642
IMG20251225183028.jpg,31.26212239,34.80404645
IMG20251225183030.jpg,31.26212468,34.80405182
IMG20251225183033.jpg,31.26212697,34.80405182
IMG20251225183035.jpg,31.26212926,34.80406255
IMG20251225183037.jpg,31.26212926,34.80406255
IMG20251225183040.jpg,31.26212926,34.80406255
IMG20251225183042.jpg,31.26217222,34.80398333
IMG20251225183103.jpg,31.26217222,34.80398333
IMG20251225183108.jpg,31.26217222,34.80398333
IMG20251225183125.jpg,31.26217222,34.80398333
IMG20251225183129.jpg,31.26217222,34.80398333
IMG20251225183132.jpg,31.26214761,34.80358779
IMG20251225183135.jpg,31.26214761,34.80358779
IMG20251225183137.jpg,31.26214302,34.80358779
IMG20251225183141.jpg,31.26214302,34.80358779
IMG20251225183144.jpg,31.26213844,34.80359048
IMG20251225183206.jpg,31.26213156,34.80330348
IMG20251225183209.jpg,31.26212697,34.80329812
IMG20251225183212.jpg,31.26213156,34.8033303
IMG20251225183214.jpg,31.26213385,34.80333298
IMG20251225183217.jpg,31.26212697,34.80332226
IMG20251225183219.jpg,31.26212926,34.80331153
IMG20251225183223.jpg,31.26213385,34.80342686
IMG20251225183226.jpg,31.26213385,34.80341077
IMG20251225183228.jpg,31.26214073,34.80341345
IMG20251225183231.jpg,31.26212926,34.80340272
IMG20251225183259.jpg,31.26214531,34.8029843
IMG20251225183301.jpg,31.26215448,34.8028931
IMG20251225183303.jpg,31.2621499,34.80290651
IMG20251225183306.jpg,31.26215678,34.80291724
IMG20251225183309.jpg,31.2621499,34.80291724
IMG20251225183313.jpg,31.26215448,34.80293334
IMG20251225183317.jpg,31.26214531,34.80291456
IMG20251225183320.jpg,31.26213844,34.80301648
IMG20251225183324.jpg,31.2621499,34.80298966
IMG20251225183326.jpg,31.26214302,34.80298966
IMG20251225183332.jpg,31.26214302,34.8029092
IMG20251225183338.jpg,31.26214531,34.80290651
IMG20251225183359.jpg,31.26215219,34.80280727
IMG20251225183402.jpg,31.26215678,34.80278581
IMG20251225183404.jpg,31.26215678,34.80271608
IMG20251225183407.jpg,31.26216366,34.80279386
IMG20251225183410.jpg,31.26215448,34.80277777
IMG20251225183412.jpg,31.26215907,34.80276167
IMG20251225183415.jpg,31.2621499,34.80276704
IMG20251225183418.jpg,31.26215907,34.80275095
IMG20251225183434.jpg,31.26207424,34.80252832
IMG20251225183451.jpg,31.26208112,34.80253369
IMG20251225183454.jpg,31.26212009,34.80253369
IMG20251225183457.jpg,31.26212009,34.80253369
IMG20251225183500.jpg,31.26210175,34.80253637
IMG20251225183503.jpg,31.26206667,34.80251389
IMG20251225183505.jpg,31.26206667,34.80251389
IMG20251225183520.jpg,31.26205819,34.80239689
IMG20251225183529.jpg,31.26199858,34.802472
IMG20251225183537.jpg,31.26199858,34.802472
IMG20251225183558.jpg,31.26199858,34.80246931
IMG20251225183601.jpg,31.26199399,34.80245054
IMG20251225183604.jpg,31.26199399,34.80243176
IMG20251225183607.jpg,31.26199399,34.80244249
IMG20251225183609.jpg,31.26200546,34.80243981
IMG20251225183611.jpg,31.26191389,34.80238333
IMG20251225183616.jpg,31.26191389,34.80238333
IMG20251225183632.jpg,31.26191389,34.80238333
IMG20251225183638.jpg,31.26191389,34.80238333
IMG20251225183640.jpg,31.26191389,34.80238333
IMG20251225183643.jpg,31.26191389,34.80238333
IMG20251225183645.jpg,31.26191389,34.80238333
IMG20251225183648.jpg,31.26191389,34.80238333
IMG20251225183650.jpg,31.26191389,34.80238333
IMG20251225183909.jpg,31.26192521,34.80212331
IMG20251225183912.jpg,31.26192521,34.80212331
IMG20251225183915.jpg,31.26192521,34.80212331
IMG20251225183917.jpg,31.26192521,34.80212331
IMG20251225183921.jpg,31.26192521,34.80212599
IMG20251225183927.jpg,31.26192521,34.80212599
IMG20251225183930.jpg,31.26192521,34.80212599
IMG20251225183933.jpg,31.26192521,34.80212599
IMG20251225183935.jpg,31.26192062,34.80212599
IMG20251225183937.jpg,31.26190916,34.80212063
IMG20251225183940.jpg,31.26190916,34.80212599
IMG20251225183942.jpg,31.26197778,34.80211944
IMG20251225183959.jpg,31.26197778,34.80211944
IMG20251225184001.jpg,31.26197778,34.80211944
IMG20251225184003.jpg,31.26202838,34.80212867
IMG20251225184005.jpg,31.26203068,34.80212867
IMG20251225184008.jpg,31.2620238,34.80212331
IMG20251225184012.jpg,31.26197336,34.80211258
IMG20251225184014.jpg,31.26201233,34.80211526
IMG20251225184018.jpg,31.2620215,34.8021099
IMG20251225184113.jpg,31.26201692,34.80210453
IMG20251225184116.jpg,31.26191375,34.80205357
IMG20251225184118.jpg,31.26192062,34.80205357
IMG20251225184134.jpg,31.26191145,34.80204284
IMG20251225184136.jpg,31.26196111,34.80200833
IMG20251225184139.jpg,31.26196111,34.80200833
IMG20251225184142.jpg,31.26196111,34.80200833
IMG20251225184146.jpg,31.26196111,34.80200833
IMG20251225184150.jpg,31.26196111,34.80200833
IMG20251225184153.jpg,31.26196111,34.80200833
IMG20251225184156.jpg,31.26196111,34.80200833
IMG20251225184209.jpg,31.26197222,34.80189722
IMG20251225184212.jpg,31.26197222,34.80189722
IMG20251225184215.jpg,31.26197222,34.80189722
IMG20251225184217.jpg,31.26197222,34.80189722
IMG20251225184219.jpg,31.26197222,34.80189722
IMG20251225184222.jpg,31.26197222,34.80189722
IMG20251225184224.jpg,31.26197222,34.80189722
IMG20251225184227.jpg,31.26197222,34.80189722
IMG20251225184230.jpg,31.26197222,34.80189722
IMG20251225184332.jpg,31.26183333,34.80187222
IMG20251225184335.jpg,31.26183333,34.80187222
IMG20251225184345.jpg,31.26183333,34.80187222
IMG20251225184347.jpg,31.26183333,34.80187222
IMG20251225184350.jpg,31.26183333,34.80187222
IMG20251225184353.jpg,31.26183333,34.80187222
IMG20251225184356.jpg,31.26183333,34.80187222
IMG20251225184358.jpg,31.26183333,34.80187222
IMG20251225184401.jpg,31.26183611,34.80168333
IMG20251225184403.jpg,31.26187248,34.801552
IMG20251225184426.jpg,31.26186789,34.80136961
IMG20251225184428.jpg,31.26186789,34.80137497
IMG20251225184432.jpg,31.26187706,34.80139107
IMG20251225184433.jpg,31.26185413,34.80138034
IMG20251225184435.jpg,31.26190228,34.80140448
IMG20251225184438.jpg,31.26190228,34.80140984
IMG20251225184442.jpg,31.26185872,34.80134815
IMG20251225184444.jpg,31.26185413,34.80135351
IMG20251225184454.jpg,31.26188394,34.80137765
IMG20251225184457.jpg,31.26188394,34.80137765
IMG20251225184500.jpg,31.26186944,34.80148333
IMG20251225184642.jpg,31.26197794,34.80139643
IMG20251225184645.jpg,31.26197794,34.80139107
IMG20251225184648.jpg,31.26196419,34.80140448
IMG20251225184650.jpg,31.26195501,34.80141521
IMG20251225184652.jpg,31.26197106,34.80137229
IMG20251225184655.jpg,31.26194126,34.80135083
IMG20251225184658.jpg,31.26200546,34.80141789
IMG20251225184701.jpg,31.26194126,34.80139375
IMG20251225184703.jpg,31.2619275,34.80138302
IMG20251225184706.jpg,31.2619275,34.80138302
IMG20251225184709.jpg,31.2619275,34.80138302
IMG20251225184725.jpg,31.26207882,34.80147421
IMG20251225184727.jpg,31.26206277,34.80146617
IMG20251225184729.jpg,31.26206965,34.80146348
IMG20251225184730.jpg,31.26207653,34.80147958
IMG20251225184732.jpg,31.26215219,34.80147153
IMG20251225184735.jpg,31.26215448,34.80146617
IMG20251225184737.jpg,31.26217512,34.80143934
IMG20251225184739.jpg,31.262182,34.80142862
IMG20251225184742.jpg,31.26211092,34.80139643
IMG20251225184744.jpg,31.26208799,34.8014313
IMG20251225184746.jpg,31.26211322,34.80149031
IMG20251225184801.jpg,31.2622118,34.80148226
IMG20251225184804.jpg,31.2622141,34.80147153
IMG20251225184806.jpg,31.26219805,34.80148494
IMG20251225184808.jpg,31.26220951,34.80147958
IMG20251225184811.jpg,31.2622141,34.80145812
IMG20251225184813.jpg,31.26221111,34.80141389
IMG20251225184817.jpg,31.26226683,34.80153859
IMG20251225184833.jpg,31.26227829,34.80153859
IMG20251225184835.jpg,31.26228288,34.8015359
IMG20251225184838.jpg,31.26221111,34.80141389
IMG20251225184840.jpg,31.26221111,34.80141389
IMG20251225184842.jpg,31.26221111,34.80141389
IMG20251225184847.jpg,31.26221111,34.80141389
IMG20251225184849.jpg,31.26221111,34.80141389
IMG20251225184851.jpg,31.26212009,34.80139375
IMG20251225184857.jpg,31.26228288,34.80153322
IMG20251225184913.jpg,31.262275,34.80128889
IMG20251225184915.jpg,31.262275,34.80128889
IMG20251225184917.jpg,31.262275,34.80128889
IMG20251225184919.jpg,31.262275,34.80128889
IMG20251225184921.jpg,31.262275,34.80128889
IMG20251225184924.jpg,31.262275,34.80128889
IMG20251225184926.jpg,31.262275,34.80128889
IMG20251225184928.jpg,31.262275,34.80128889
IMG20251225185007.jpg,31.2621178,34.80117381
IMG20251225185010.jpg,31.2621178,34.80116844
IMG20251225185013.jpg,31.26211944,34.80105
IMG20251225185016.jpg,31.26211944,34.80105
IMG20251225185018.jpg,31.26211944,34.80105
IMG20251225185020.jpg,31.26211944,34.80105
IMG20251225185043.jpg,31.26211944,34.80105
IMG20251225185101.jpg,31.2621499,34.80105311
IMG20251225185104.jpg,31.26214444,34.80101389
IMG20251225185106.jpg,31.26214444,34.80101389
IMG20251225185111.jpg,31.26214444,34.80101389
IMG20251225185114.jpg,31.26214444,34.80101389
IMG20251225185139.jpg,31.26214444,34.80101389
IMG20251225185248(1).jpg,31.26193889,34.80122222
IMG20251225185252.jpg,31.26193889,34.80122222
IMG20251225185255.jpg,31.26193889,34.80122222
IMG20251225185323.jpg,31.26185643,34.80136156
IMG20251225185325.jpg,31.26185643,34.80136156
IMG20251225185327.jpg,31.26185643,34.80136156
IMG20251225185332.jpg,31.2618656,34.80139643
IMG20251225185334.jpg,31.26187706,34.80140716
IMG20251225185442.jpg,31.26178306,34.80220914
IMG20251225185512.jpg,31.26176472,34.80250955
IMG20251225185516.jpg,31.2617693,34.80252832
IMG20251225185518.jpg,31.26176472,34.80251223
IMG20251225185521.jpg,31.26176472,34.80251491
IMG20251225185538.jpg,31.26174179,34.80287969
IMG20251225185540.jpg,31.26174179,34.80287969
IMG20251225185542.jpg,31.26174408,34.80287969
IMG20251225185550.jpg,31.26181057,34.80280459
IMG20251225185552.jpg,31.26180828,34.80280191
IMG20251225185554.jpg,31.26180828,34.80280191
IMG20251225185556.jpg,31.26181286,34.80279654
IMG20251225185621.jpg,31.26183579,34.80296284
IMG20251225185623.jpg,31.26183579,34.8029682
IMG20251225185625.jpg,31.26182891,34.80295748
IMG20251225185627.jpg,31.26180828,34.8029682
IMG20251225185630.jpg,31.26180599,34.80298162
IMG20251225185640.jpg,31.26181286,34.80297357
IMG20251225185643.jpg,31.2618014,34.80297089
IMG20251225185710.jpg,31.26178994,34.80329275
IMG20251225185712.jpg,31.26178994,34.80330884
IMG20251225185714.jpg,31.26178764,34.80330884
IMG20251225185715.jpg,31.26179223,34.80331421
IMG20251225185719.jpg,31.26179223,34.8033008
IMG20251225185721.jpg,31.26178764,34.80330884
IMG20251225185751.jpg,31.26181057,34.80358243
IMG20251225185753.jpg,31.26180828,34.80357975
IMG20251225185801.jpg,31.26181057,34.80357975
IMG20251225185804.jpg,31.26179452,34.80358243
IMG20251225185809.jpg,31.26179681,34.80358511
IMG20251225185812.jpg,31.26178994,34.80358511
IMG20251225190001.jpg,31.26177159,34.80369776
IMG20251225190003.jpg,31.26177159,34.80370045
IMG20251225190026.jpg,31.2617693,34.80367362
IMG20251225190036.jpg,31.26178994,34.80344832
IMG20251225190038.jpg,31.26178306,34.80344832
IMG20251225190112.jpg,31.26175784,34.80300844
IMG20251225190114.jpg,31.26175784,34.80300844
IMG20251225190116.jpg,31.26175554,34.80301112
IMG20251225190119.jpg,31.26175554,34.80301112
IMG20251225190158.jpg,31.26173032,34.80251491
IMG20251225190201.jpg,31.26171657,34.80251491
IMG20251225190207.jpg,31.26173032,34.80253905
IMG20251225190224.jpg,31.26174408,34.80237275
IMG20251225190226.jpg,31.26173949,34.80237275
IMG20251225190228.jpg,31.26174179,34.80237007
IMG20251225190243.jpg,31.26167988,34.80214477
IMG20251225190245.jpg,31.26167071,34.80205894
IMG20251225190250.jpg,31.26168905,34.80206698
IMG20251225190258.jpg,31.26167988,34.80205625
IMG20251225190301.jpg,31.26168447,34.80205625
IMG20251225190315.jpg,31.26173032,34.80198383
IMG20251225190318.jpg,31.26173262,34.80200261
IMG20251225190320.jpg,31.2617372,34.80201602
IMG20251225190323.jpg,31.2617372,34.80201066
IMG20251225190328.jpg,31.26167071,34.80204821
IMG20251225190330.jpg,31.26163861,34.80195969
IMG20251225190347.jpg,31.26161569,34.80182827
IMG20251225190349.jpg,31.26161569,34.80182827
IMG20251225190351.jpg,31.26161569,34.80182827
IMG20251225190354.jpg,31.26161569,34.80182827
IMG20251225190357.jpg,31.26161569,34.80182827
IMG20251225190359.jpg,31.26161569,34.80182827
IMG20251225190402.jpg,31.26161569,34.80182827
IMG20251225190404.jpg,31.26161667,34.80182778
IMG20251225190407.jpg,31.26161667,34.80182778
IMG20251225190425.jpg,31.26161667,34.80182778
IMG20251225190427.jpg,31.26162027,34.80159223
IMG20251225190430.jpg,31.26162027,34.80159491
IMG20251225190433.jpg,31.26162027,34.80159491
IMG20251225190435.jpg,31.26162027,34.80159491
IMG20251225190437.jpg,31.26162027,34.80159491
IMG20251225190440.jpg,31.26162027,34.80159491
IMG20251225190441.jpg,31.26162715,34.80158687
IMG20251225190456.jpg,31.26170281,34.80159491
IMG20251225190458.jpg,31.26170281,34.80159223
IMG20251225190502.jpg,31.2617051,34.80158687
IMG20251225190505.jpg,31.26171389,34.80154444
IMG20251225190507.jpg,31.26176472,34.80154663
IMG20251225190525.jpg,31.26177847,34.80154663
IMG20251225190527.jpg,31.26178076,34.80154932
IMG20251225190530.jpg,31.26171657,34.80135351
IMG20251225190532.jpg,31.26171657,34.80135083
IMG20251225190534.jpg,31.26171657,34.80134547
IMG20251225190538.jpg,31.26171657,34.80135351
IMG20251225190540.jpg,31.26171886,34.80135888
IMG20251225190542.jpg,31.26171886,34.80138302
IMG20251225190544.jpg,31.26172345,34.80144471
IMG20251225190557.jpg,31.26172115,34.80122745
IMG20251225190600.jpg,31.26172574,34.80122477
IMG20251225190602.jpg,31.26172574,34.80122477
IMG20251225190605.jpg,31.26185556,34.80122778
IMG20251225190609.jpg,31.26172803,34.80122477
IMG20251225190612.jpg,31.26172803,34.80122477
IMG20251225190614.jpg,31.26172803,34.80122477
IMG20251230113333.jpg,31.26178306,34.80330348
IMG20251230113335.jpg,31.26177847,34.80331957
IMG20251230113348.jpg,31.26178076,34.80333298
IMG20251230113402.jpg,31.26178535,34.80332226
IMG20251230113433.jpg,31.26178994,34.80356902
IMG20251230113435.jpg,31.26178535,34.80357975
IMG20251230113437.jpg,31.26178994,34.80359048
IMG20251230113440.jpg,31.26178994,34.80359048
IMG20251230113442.jpg,31.26178994,34.80359048
IMG20251230113514.jpg,31.26175784,34.80394185
IMG20251230113518.jpg,31.26176013,34.80392843
IMG20251230113529.jpg,31.26176701,34.80403304
IMG20251230113531.jpg,31.26176701,34.80403304
IMG20251230113534.jpg,31.26176701,34.80403304
IMG20251230113536.jpg,31.26176701,34.80403304
IMG20251230113541.jpg,31.26176701,34.80403304
IMG20251230113615.jpg,31.26176242,34.80437368
IMG20251230113617.jpg,31.26176701,34.80437905
IMG20251230113651.jpg,31.26176242,34.804371
IMG20251230113654.jpg,31.26176242,34.804371
IMG20251230113657.jpg,31.26176242,34.804371
IMG20251230113659.jpg,31.26176242,34.804371
IMG20251230113939.jpg,31.26191145,34.8044005
IMG20251230113941.jpg,31.26191145,34.8044005
IMG20251230113944.jpg,31.26191145,34.8044005
IMG20251230113946.jpg,31.26191145,34.8044005
IMG20251230113948.jpg,31.26191145,34.8044005
IMG20251230113950.jpg,31.26191145,34.8044005
IMG20251230113952.jpg,31.26190457,34.80440855
IMG20251230113955.jpg,31.26191145,34.80440319
IMG20251230113956.jpg,31.26191145,34.80440319
IMG20251230114021.jpg,31.26191145,34.80440319
IMG20251230114023.jpg,31.26203297,34.8044166
IMG20251230114025.jpg,31.26203297,34.8044166
IMG20251230114027.jpg,31.26203297,34.8044166
IMG20251230114029.jpg,31.26202838,34.80441391
IMG20251230114031.jpg,31.26200087,34.80441928
IMG20251230114033.jpg,31.26198711,34.80441391
IMG20251230114036.jpg,31.2621178,34.80442733
IMG20251230114038.jpg,31.2621178,34.80442733
IMG20251230114041.jpg,31.2621178,34.80442733
IMG20251230114118.jpg,31.26210404,34.80405986
IMG20251230114119.jpg,31.26210404,34.80405986
IMG20251230114122.jpg,31.26209946,34.80405718
IMG20251230114124.jpg,31.26214531,34.80397671
IMG20251230114128.jpg,31.26213844,34.8039794
IMG20251230114201.jpg,31.26213385,34.80359852
IMG20251230114203.jpg,31.26213385,34.80359852
IMG20251230114205.jpg,31.26213385,34.80359852
IMG20251230114209.jpg,31.26212697,34.80359852
IMG20251230114211.jpg,31.26214073,34.80348051
IMG20251230114235.jpg,31.26213385,34.80344564
IMG20251230114243.jpg,31.26212697,34.80331153
IMG20251230114245.jpg,31.26213156,34.80330884
IMG20251230114247.jpg,31.26213156,34.80330884
IMG20251230114252.jpg,31.26212926,34.80332226
IMG20251230114319.jpg,31.26213844,34.80297357
IMG20251230114323.jpg,31.26213844,34.80297357
IMG20251230114325.jpg,31.26213844,34.80297357
IMG20251230114329.jpg,31.26213844,34.80297357
IMG20251230114425.jpg,31.26213156,34.80296552
IMG20251230114457.jpg,31.26213844,34.80265975
IMG20251230114504.jpg,31.26213385,34.80255246
IMG20251230114506.jpg,31.2621178,34.802531
IMG20251230114509.jpg,31.26207195,34.8025015
IMG20251230114516.jpg,31.26207424,34.802531
IMG20251230114524.jpg,31.26212239,34.80256855
IMG20251230114547.jpg,31.26201233,34.8025471
IMG20251230114550.jpg,31.26201233,34.80255514
IMG20251230114553.jpg,31.2620215,34.80255514
IMG20251230114603.jpg,31.26197565,34.80252832
IMG20251230114619.jpg,31.26180828,34.80259269
IMG20251230114623.jpg,31.26181286,34.80251491
IMG20251230114626.jpg,31.26180828,34.80259269
IMG20251230114645.jpg,31.26181057,34.80273217
IMG20251230114647.jpg,31.26181286,34.80275899
IMG20251230114649.jpg,31.26181286,34.80282068
IMG20251230114713.jpg,31.26181286,34.80283409
IMG20251230114715.jpg,31.26194814,34.80273217
IMG20251230114717.jpg,31.26194814,34.80273485
IMG20251230114720.jpg,31.26195501,34.80282605
IMG20251230114722.jpg,31.26195272,34.80282605
IMG20251230114724.jpg,31.26195501,34.80282873
IMG20251230114807.jpg,31.26190457,34.80238348
IMG20251230114809.jpg,31.26181745,34.80237544
IMG20251230114820.jpg,31.26180599,34.80233252
IMG20251230114836.jpg,31.26178535,34.80215281
IMG20251230114838.jpg,31.26178306,34.80215281
IMG20251230114840.jpg,31.26178535,34.80214745
IMG20251230114843.jpg,31.26178306,34.80211794
IMG20251230114844.jpg,31.26178306,34.80211794
IMG20251230114846.jpg,31.26178535,34.80215013
IMG20251230114849.jpg,31.26178535,34.80215013
IMG20251230114851.jpg,31.26178535,34.80215013
IMG20251230114854.jpg,31.26178535,34.80215013
